question,answer,choices.0.text,choices.0.correct,choices.1.text,choices.1.correct,choices.2.text,choices.2.correct,choices.3.text,choices.3.correct,images,category
"ในขณะขับรถผู้ขับขี่ต้องมีเอกสารใดใช้คู่กับใบอนุญาตขับรถ",ในขณะขับรถผู้ขับขี่ต้องมีเอกสารสำเนาภาพถ่ายใบคู่มือจดทะเบียนรถใช้คู่กับใบอนุญาต   ขับรถ,บัตรประจำตัวประชาชน,false,สำเนาทะเบียนบ้าน,false,สำเนาภาพถ่ายใบคู่มือจดทะเบียนรถ,true,บัตรประกันสังคม,false,[  ],กฎหมายว่าด้วยรถยนต์
"ผู้ขับรถกระทำผิดตามกฎหมายจราจรทางบกและได้รับใบสั่งจากเจ้าพนักงานจราจรต้องไปติดต่อชำระค่าปรับภายในกี่วัน",ผู้ขับรถกระทำผิดตามกฎหมายจราจรทางบกและได้รับใบสั่งจากเจ้าพนักงานจราจร ต้องไปติดต่อชำระค่าปรับภายใน 7 วัน,10 วัน,false,7 วัน,true,15 วัน,false,30 วัน,false,[  ],กฎหมายว่าด้วยรถยนต์
"เมื่อใบอนุญาตขับรถสูญหายหรือชำรุดต้องยื่นขอรับใบแทนต่อนายทะเบียนภายในกี่วัน",เมื่อใบอนุญาตขับรถสูญหายหรือชำรุดต้องยื่นขอรับใบแทนต่อนายทะเบียนภายใน 15 วัน,20 วัน,false,30 วัน,false,15 วัน,true,45 วัน,false,[  ],กฎหมายว่าด้วยรถยนต์
"ผู้ขับรถไม่มีใบอนุญาตขับรถ มีความผิดอย่างไร","ผู้ขับรถไม่มีใบอนุญาตขับรถ มีความผิดจำคุกไม่เกิน 1 เดือน หรือปรับไม่เกิน 1,000 บาท หรือทั้งจำทั้งปรับ",จำคุกไม่เกิน 1 ปี,false,"จำคุกไม่เกิน 1 เดือน หรือปรับไม่เกิน 1,000 บาท หรือทั้งจำทั้งปรับ",true,"ปรับไม่เกิน 2,000 บาท",false,"ปรับไม่เกิน 5,000 บาท",false,[  ],กฎหมายว่าด้วยรถยนต์
"ใบอนุญาตขับรถชนิดชั่วคราวมีอายุกี่ปี",ใบอนุญาตขับรถชนิดชั่วคราวมีอายุ 1 ปี,2 ปี,false,1 ปี,true,3 ปี,false,4 ปี,false,[  ],กฎหมายว่าด้วยรถยนต์
"ผู้ขับรถใช้ใบอนุญาตขับรถที่สิ้นอายุมีความผิดอย่างไร","ผู้ขับรถใช้ใบอนุญาตขับรถที่สิ้นอายุ มีความผิดปรับไม่เกิน 2,000 บาท",ปรับไม่เกินห้าพันบาท,false,จำคุกไม่เกินสามเดือน,false,ปรับไม่เกินสองพันบาท,true,จำคุกไม่เกินหนึ่งเดือน,false,[  ],กฎหมายว่าด้วยรถยนต์
"รถที่ไม่เสียภาษีประจำปีภายในกำหนดจะต้องเสียเงินเพิ่มเท่าใด",รถที่ไม่เสียภาษีประจำปีภายในกำหนด จะต้องเสียเงินเพิ่มร้อยละ 1 ต่อเดือน,ร้อยละ 1 ต่อเดือน,true,ร้อยละ 1 ต่อปี,false,ร้อยละ 10 ต่อเดือน,false,ร้อยละ 20 ต่อปี,false,[  ],กฎหมายว่าด้วยรถยนต์
"การโอนรถต้องแจ้งต่อนายทะเบียนภายในกี่วัน",การโอนรถต้องแจ้งต่อนายทะเบียนภายใน 15 วัน,15 วัน,true,45 วัน,false,20 วัน,false,30 วัน,false,[  ],กฎหมายว่าด้วยรถยนต์
"การเปลี่ยนสีรถต้องแจ้งต่อนายทะเบียนภายในกี่วัน",การเปลี่ยนสีรถต้องแจ้งต่อนายทะเบียนภายใน 7 วัน,7 วัน,true,10 วัน,false,15 วัน,false,20 วัน,false,[  ],กฎหมายว่าด้วยรถยนต์
"การต่ออายุใบอนุญาตขับรถส่วนบุคคล (5 ปี) สามารถต่อก่อนล่วงหน้าได้เท่าใด",การต่ออายุใบอนุญาตขับรถส่วนบุคคล (5 ปี) สามารถต่อก่อนล่วงหน้าได้ 3 เดือน,3 เดือน,true,4 เดือน,false,6 เดือน,false,5 เดือน,false,[  ],กฎหมายว่าด้วยรถยนต์
"รถยนต์ที่มีอายุครบกี่ปีต้องนำไปตรวจสภาพรถก่อนเสียภาษีประจำปี",รถยนต์ที่มีอายุครบ 7 ปี ต้องนำไปตรวจสภาพรถก่อนเสียภาษีประจำปี,5 ปี,false,6 ปี,false,3 ปี,false,7 ปี,true,[  ],กฎหมายว่าด้วยรถยนต์
"การย้ายรถต้องแจ้งต่อนายทะเบียนภายในกี่วัน",การย้ายรถต้องแจ้งต่อนายทะเบียนภายใน 15 วัน,30 วัน,false,15 วัน,true,25 วัน,false,20 วัน,false,[  ],กฎหมายว่าด้วยรถยนต์
"รถจักรยานยนต์ที่มีอายุครบกี่ปีต้องนำไปตรวจสภาพรถก่อนเสียภาษีประจำปี",รถจักรยานยนต์ที่มีอายุครบ 5 ปี ต้องนำไปตรวจสภาพรถก่อนเสียภาษีประจำปี,1 ปี,false,3 ปี,false,2 ปี,false,5 ปี,true,[  ],กฎหมายว่าด้วยรถยนต์
"ตาม พ.ร.บ.รถยนต์ พ.ศ.2522 ""รถ"" หมายความว่า","ตาม พ.ร.บ.รถยนต์ พ.ศ.2522 ""รถ"" หมายถึง รถยนต์ รถจักรยานยนต์ รถพ่วง รถบดถนน รถแทรกเตอร์ และรถอื่นที่กำหนดในกฎกระทรวง",รถยนต์ รถจักรยานยนต์ รถพ่วง รถบดถนน รถแทรกเตอร์ และรถอื่นที่กำหนดในกฎกระทรวง,true,รถยนต์ รถจักรยานยนต์ รถพ่วง,false,รถยนต์ รถจักรยานยนต์ รถพ่วง รถบดถนน รถแทรกเตอร์,false,รถยนต์ รถจักรยานยนต์ รถพ่วง รถแทรกเตอร์,false,[  ],กฎหมายว่าด้วยรถยนต์
"ตาม พ.ร.บ.รถยนต์ พ.ศ.2522 ""รถยนต์"" หมายความว่า","ตาม พ.ร.บ.รถยนต์ พ.ศ.2522 ""รถยนต์"" หมายถึง รถสาธารณะ รถยนต์บริการ และรถยนต์ส่วนบุคคล",รถสาธารณะ รถยนต์บริการ และรถยนต์ส่วนบุคคล รถแท็กซี่,false,รถสาธารณะ รถยนต์บริการ และรถจักรยานยนต์ส่วนบุคคล,false,รถจักรยานยนต์สาธารณะ รถยนต์บริการ และรถจักรยานยนต์ส่วนบุคคล,false,รถสาธารณะ รถยนต์บริการ และรถยนต์ส่วนบุคคล,true,[  ],กฎหมายว่าด้วยรถยนต์
"ตาม พ.ร.บ.รถยนต์ พ.ศ.2522 ""รถจักรยานยนต์"" หมายความว่า","ตาม พ.ร.บ.รถยนต์ พ.ศ.2522 ""รถจักรยานยนต์"" หมายถึง รถที่เดินรถกำลังเครื่องยนต์หรือกำลังไฟฟ้าและมีล้อไม่เกินสองล้อ ถ้ามีถ่วงข้างมีล้ออีกไม่เกินหนึ่งล้อ",รถที่เดินรถกำลังเครื่องยนต์หรือกำลังไฟฟ้าและมีล้อไม่เกินสองล้อ ถ้ามีถ่วงข้างมีล้ออีกไม่เกินหนึ่งล้อ,true,รถที่เดินรถกำลังเครื่องยนต์หรือกำลังไฟฟ้าและมีล้อไม่เกินสองล้อ,false,รถที่เดินรถกำลังเครื่องยนต์มีล้อไม่เกินสองล้อ,false,รถที่เดินรถกำลังเครื่องยนต์หรือกำลังไฟฟ้าและมีล้อเกินสองล้อ,false,[  ],กฎหมายว่าด้วยรถยนต์
"ข้อใดไม่ใช่ ""รถยนต์รับจ้างสาธารณะ""","รถจักรยานยนต์ส่วนบุคคล  ไม่ใช่ ""รถยนต์รับจ้างสาธารณะ""",รถแท็กซี่,false,รถจักรยานยนต์ส่วนบุคคล,true,รถจักรยานยนต์รับจ้างสาธารณะ,false,รถสามล้อรับจ้างสาธารณะ,false,[  ],กฎหมายว่าด้วยรถยนต์
"ตาม พ.ร.บ.รถยนต์ พ.ศ.2522 ""รถยนต์บริการ"" หมายความว่า","ตาม พ.ร.บ.รถยนต์ พ.ศ.2522 ""รถยนต์บริการ"" หมายถึง รถยนต์บรรทุกคนโดยสารหรือให้เช่าซึ่งบรรทุกคนโดยสารไม่เกินเจ็ดคน",รถยนต์ให้เช่าซึ่งบรรทุกคนโดยสารไม่เกินเจ็ดคน,false,รถยนต์บรรทุกคนโดยสารซึ่งบรรทุกคนโดยสารไม่เกินเจ็ดคน,false,รถยนต์บรรทุกคนโดยสารหรือให้เช่าซึ่งบรรทุกคนโดยสารไม่เกินเจ็ดคน,true,รถยนต์บรรทุกคนโดยสารหรือให้เช่าซึ่งบรรทุกคนโดยสารเกินเจ็ดคน,false,[  ],กฎหมายว่าด้วยรถยนต์
"ข้อใดคือ ""รถยนต์ส่วนบุคคล""","รถจัการยานยต์ส่วนบุคคล คือ ""รถยนต์ส่วนบุคคล""",รถจักรยานยนต์ส่วนบุคคล,true,รถแท็กซี่,false,รถสามล้อรับจ้างสาธารณะ,false,รถยนต์ป้ายแดง,false,[  ],กฎหมายว่าด้วยรถยนต์
"รถที่นำมาใช้บนถนนต้องมีลักษณะอย่างไร",รถที่นำมาใช้บนถนนต้องจดทะเบียนและชำระภาษีเรียบร้อยแล้ว,รถที่โคมไฟหน้าไม่ติด,false,รถที่มีเสียงดัง 90 เดซิเบล A,false,รถที่มีควันดำ 55  เปอร์เซ็นต์,false,รถที่จดทะเบียนและชำระภาษีเรียบร้อยแล้ว,true,[  ],กฎหมายว่าด้วยรถยนต์
"รถที่สามารถนำมาจดทะเบียนต้องมีลักษณะอย่างใด",รถที่สามารถนำมาจดทะเบียนต้องมีอุปกรณ์ส่วนควบถูกต้องและผ่านการตรวจสภาพรถ,รถต้องมีอุปกรณ์ส่วนควบถูกต้องและผ่านการตรวจสภาพรถ,true,รถต้องมีอุปกรณ์ส่วนควบถูกต้อง,false,รถที่ซื้อจากศูนย์จำหน่ายรถทั่วไป,false,รถที่ผ่านการตรวจสภาพรถจาก สภานตรวจภาพรถเอกชน,false,[  ],กฎหมายว่าด้วยรถยนต์
"รถต่อไปนี้ได้รับการยกเว้นไม่ต้องจดทะเบียน",รถสำหรับเฉพาะพระองค์พระบาทสมเด็จพระเจ้าอยู่หัว ได้รับการยกเว้นไม่ต้องจดทะเบียน,รถของวัด,false,รถของมูลนิธิ,false,รถสำหรับเฉพาะพระองค์พระบาทสมเด็จพระเจ้าอยู่หัว,true,รถของผู้บัญชาการทหารสูงสุด,false,[  ],กฎหมายว่าด้วยรถยนต์
"รถต่อไปนี้ได้รับการยกเว้นไม่ต้องจดทะเบียน",รถของกรมตำรวจที่จดทะเบียนและมีเครื่องหมายตามระเบียบที่อธิบดีกำหนด ได้รับการยกเว้นไม่ต้องจดทะเบียน,รถของวัด,false,รถของกรมตำรวจที่จดทะเบียนและมีเครื่องหมายตามระเบียบที่อธิบดีกำหนด,true,รถของสภากาชาดไทย,false,รถของมูลนิธิเพื่อนพึ่งภายามยาก,false,[  ],กฎหมายว่าด้วยรถยนต์
"รถต่อไปนี้ได้รับการยกเว้นไม่ต้องจดทะเบียน",รถได้รับการยกเว้นไม่ต้องจดทะเบียน ได้แก่ รถสำหรับเฉพาะพระองค์พระบาทสมเด็จพระเจ้าอยู่หัว รถของกรมตำรวจที่จดทะเบียนและมีเครื่องหมายตามระเบียบที่อธิบดีกำหนด รถของสำนักพระราชวังที่จดทะเบียนและมีเครื่องหมายตามระเบียบที่เลขาธิการพระราชวังกำหนด,รถของสำนักพระราชวังที่จดทะเบียนและมีเครื่องหมายตามระเบียบที่เลขาธิการพระราชวังกำหนด,false,รถสำหรับเฉพาะพระองค์พระบาทสมเด็จพระเจ้าอยู่หัว,false,รถของกรมตำรวจที่จดทะเบียนและมีเครื่องหมายตามระเบียบที่อธิบดีกำหนด,false,ทุกข้อถูกต้อง,true,[  ],กฎหมายว่าด้วยรถยนต์
"รถต่อไปนี้ได้รับการยกเว้นไม่ต้องจดทะเบียน",รถที่เจ้าของรถแจ้งการไม่ใช้รถ ได้รับการยกเว้นไม่ต้องจดทะเบียน,รถที่เจ้าของรถแจ้งการไม่ใช้รถ,true,รถยนต์นำเข้า,false,รถสามล้อส่วนบุคคล,false,รถจักรยานยนต์นำมาใช้ในหมู่บ้าน,false,[  ],กฎหมายว่าด้วยรถยนต์
"รถต่อไปนี้ได้รับการยกเว้นไม่ต้องจดทะเบียน",รถที่ผู้ผลิตหรือประกอบเพื่อจำหน่ายหรือที่ผู้นำเข้าเพื่อจำหน่าย ผลิต ประกอบหรือนำเจ้า และยังมิได้จำหน่ายให้แก่ผู้อื่นได้รับการยกเว้นไม่ต้องจดทะเบียน,รถที่ผู้ผลิตหรือประกอบเพื่อจำหน่ายหรือที่ผู้นำเข้าเพื่อจำหน่าย ผลิต ประกอบหรือนำเจ้า และยังมิได้จำหน่ายให้แก่ผู้อื่น,true,รถสามล้อส่วนบุคคล,false,รถจักรยานยนต์นำมาใช้ในหมู่บ้าน,false,รถของวัด,false,[  ],กฎหมายว่าด้วยรถยนต์
"รถต่อไปนี้ได้รับการยกเว้นไม่ต้องเสียค่าธรรมเนียมเว้นแต่ค่าธรรมเนียมแผ่นป้ายทะเบียนรถ",รถดับเพลิง ได้รับการยกเว้นไม่ต้องเสียค่าธรรมเนียมเว้นแต่ค่าธรรมเนียมแผ่นป้ายทะเบียนรถ,รถยนต์รับจ้าง,false,รถจักรยานยนต์ส่วนบุคคล,false,รถดับเพลิง,true,รถตู้ส่วนบุคคล,false,[  ],กฎหมายว่าด้วยรถยนต์
"รถต่อไปนี้ได้รับการยกเว้นไม่ต้องเสียค่าธรรมเนียมเว้นแต่ค่าธรรมเนียมแผ่นป้ายทะเบียนรถ",รถพยาบาลที่มิใช่เป็นรถสำหรับรับจ้าง ได้รับการยกเว้นไม่ต้องเสียค่าธรรมเนียมเว้นแต่ค่าธรรมเนียมแผ่นป้ายทะเบียนรถ,รถพยาบาลที่มิใช่เป็นรถสำหรับรับจ้าง,true,รถจักรยานยนต์ส่วนบุคคล,false,รถจักรยานยนต์ส่วนบุคคล,false,รถตู้ส่วนบุคคล,false,[  ],กฎหมายว่าด้วยรถยนต์
"รถต่อไปนี้ได้รับการยกเว้นไม่ต้องเสียค่าธรรมเนียมเว้นแต่ค่าธรรมเนียมแผ่นป้ายทะเบียนรถ",รถของกระทรวง ทบวง กรม เทศบาล องค์การบริหารส่วนจังหวัด สุขาภิบาล กรุงเทพมหานคร เมืองพัทยา และราชการส่วนท้องถิ่นที่เรียกชื่ออย่างอื่น ทั้งนี้ เฉพาะรถที่ได้รับการยกเว้นไม่ต้องเสียค่าธรรมเนียมเว้นแต่ค่าธรรมเนียมแผ่นป้ายทะเบียนรถมิได้ใช้ในทางการค้าหรือกำไร,รถตู้ส่วนบุคคล,false,รถของมูลนิธิ,false,รถของวัด,false,รถของกระทรวง ทบวง กรม เทศบาล องค์การบริหารส่วนจังหวัด สุขาภิบาล กรุงเทพมหานคร เมืองพัทยา และราชการส่วนท้องถิ่นที่เรียกชื่ออย่างอื่น ทั้งนี้ เฉพาะรถที่มิได้ใช้ในทางการค้าหรือกำไร,true,[  ],กฎหมายว่าด้วยรถยนต์
"รถต่อไปนี้ได้รับการยกเว้นไม่ต้องเสียค่าธรรมเนียมเว้นแต่ค่าธรรมเนียมแผ่นป้ายทะเบียนรถ",รถบดของรัฐวิสาหกิจ ได้รับการยกเว้นไม่ต้องเสียค่าธรรมเนียมเว้นแต่ค่าธรรมเนียมแผ่นป้ายทะเบียนรถ,รถบดถนนของเอกชน,false,รถบดของรัฐวิสาหกิจ,true,รถแทรกเตอร์ของเอกชน,false,รถแทรเตอร์ส่วนบุคคล,false,[  ],กฎหมายว่าด้วยรถยนต์
"รถต่อไปนี้ได้รับการยกเว้นไม่ต้องเสียค่าธรรมเนียมเว้นแต่ค่าธรรมเนียมแผ่นป้ายทะเบียนรถ",รถแทรกเตอร์ของรัฐวิสาหกิจ ได้รับการยกเว้นไม่ต้องเสียค่าธรรมเนียมเว้นแต่ค่าธรรมเนียมแผ่นป้ายทะเบียนรถ,รถแทรกเตอร์ของเอกชน,false,รถแทรกเตอร์ของรัฐวิสาหกิจ,true,รถบดถนนของเอกชน,false,รถบดถนนของผู้ว่าราชการจังหวัด,false,[  ],กฎหมายว่าด้วยรถยนต์
"รถต่อไปนี้ได้รับการยกเว้นไม่ต้องเสียค่าธรรมเนียมเว้นแต่ค่าธรรมเนียมแผ่นป้ายทะเบียนรถ",รถของสภากาชาดไทย ได้รับการยกเว้นไม่ต้องเสียค่าธรรมเนียมเว้นแต่ค่าธรรมเนียมแผ่นป้ายทะเบียนรถ,รถของสภากาชาดไทย,true,รถของมูลนิธิร่วมกตัญญู,false,รถของวัด,false,รถของมูลนิธ่สายใจไทย,false,[  ],กฎหมายว่าด้วยรถยนต์
"รถต่อไปนี้ได้รับการยกเว้นไม่ต้องเสียค่าธรรมเนียมเว้นแต่ค่าธรรมเนียมแผ่นป้ายทะเบียนรถ",รถของบุคคลในคณะผู้แทนทางการทูต ได้รับการยกเว้นไม่ต้องเสียค่าธรรมเนียมเว้นแต่ค่าธรรมเนียมแผ่นป้ายทะเบียนรถ,รถของบุคคลในคณะผู้แทนทางการทูต,true,รถของมูลนิธิร่วมกตัญญู,false,รถของวัด,false,รถของมูลนิธิสายใจไทย,false,[  ],กฎหมายว่าด้วยรถยนต์
"รถต่อไปนี้ได้รับการยกเว้นไม่ต้องเสียค่าธรรมเนียมเว้นแต่ค่าธรรมเนียมแผ่นป้ายทะเบียนรถ",รถดับเพลิงของ อบต. ได้รับการยกเว้นไม่ต้องเสียค่าธรรมเนียมเว้นแต่ค่าธรรมเนียมแผ่นป้ายทะเบียนรถ,รถดับเพลิงของ อบต.,true,รถตู้ส่วนบุคคล,false,รถตู้รับจ้าง,false,รถจักรยานยนต์ส่วนบุคคล,false,[  ],กฎหมายว่าด้วยรถยนต์
"ประสงค์จดทะเบียนรถต้องยื่นคำขอที่ใด",ประสงค์จดทะเบียนรถต้องยื่นคำขอต่อนายทะเบียนแห่งท้องที่ที่ตนมีภูมิลำเนา,ยื่นคำขอต่อนายทะเบียนที่สำนักงานขนส่งจังหวัดทุกแห่ง,false,ยื่นคำขอต่อนายทะเบียนแห่งท้องที่ที่ตนมีภูมิลำเนา,true,ยื่นคำขอต่อนายทะเบียนที่กรมการขนส่งทางบก,false,ยื่นคำขอต่อนายทะเบียนตามสถานที่ตั้งที่จำหน่ายรถนั้น ๆ,false,[  ],กฎหมายว่าด้วยรถยนต์
"รถที่จดทะเบียนแล้ว หากประสงค์จะเปลี่ยนสีรถต้องดำเนินการอย่างไร",รถที่จดทะเบียนแล้ว หากประสงค์จะเปลี่ยนสีรถต้องดำเนินการแจ้งนายทะเบียนภายใน 7 วัน,ดำเนินการเปลี่ยนสีได้ทันที,false,แจ้งนายทะเบียนภายใน 15 วัน,false,แจ้งนายทะเบียนภายใน 30 วัน,false,แจ้งนายทะเบียนภายใน 7 วัน,true,[  ],กฎหมายว่าด้วยรถยนต์
"หากประสงค์เปลี่ยนแปลงตัวถังรถต้องดำเนินการอย่างไร",หากประสงค์เปลี่ยนแปลงตัวถังรถต้องดำเนินการขออนุญาตนายทะเบียน ตามภูมิลำเนาที่จดทะเบียนรถ,เปลี่ยนแปลงแล้ว จึงจะมาดำเนินการที่สำนักงานขนส่ง,false,ขออนุญาตนายทะเบียน ตามภูมิลำเนาที่จดทะเบียนรถ,true,ต้องแจ้งเปลี่ยนแปลงภายใน 15 วัน,false,ไม่ต้องแจ้งการเปลี่ยนแปลงเพราะไม่ใช่สาระสำคัญของตัวรถ,false,[  ],กฎหมายว่าด้วยรถยนต์
"ผู้ตรวจการตาม พ.ร.บ. รถยนต์ คือใคร",ผู้ตรวจการตาม พ.ร.บ. รถยนต์ คือ เจ้าหน้าที่กรมการขนส่งทางบก ที่รัฐมนตรีว่าการกระทรวงคมนาคมแต่งตั้ง,เจ้าหน้าที่กรมการขนส่งทางบก ที่รัฐมนตรีว่าการกระทรวงคมนาคมแต่งตั้ง,true,เจ้าหน้าที่กรมการขนส่งทางบก,false,เจ้าหน้าที่ บริษัทขนส่ง จำกัด,false,เจ้าหน้าที่กรมการขนส่งทางบก และเจ้าหน้าที่ตำรวจ,false,[  ],กฎหมายว่าด้วยรถยนต์
"หากประสงค์จะย้ายรถ เจ้าของรถต้องแจ้งย้ายรถต่อนายทะเบียนภายในกี่วัน",หากประสงค์จะย้ายรถ เจ้าของรถต้องแจ้งย้ายรถต่อนายทะเบียนภายใน 15 วัน,30 วัน,false,7 วัน,false,15 วัน,true,60 วัน,false,[  ],กฎหมายว่าด้วยรถยนต์
"กรณีเจ้าของรถมีภารกิจไม่สามารถมาดำเนินแจ้งย้ายรถต่อนายทะเบียนภายในเวลาที่กฎหมายกำหนด ข้อใดถูกต้อง",กรณีเจ้าของรถมีภารกิจไม่สามารถมาดำเนินแจ้งย้ายรถต่อนายทะเบียนภายในเวลาที่กฎหมายกำหนด มีความผิด ต้องชำระค่าปรับแจ้งย้ายเกินกำหนด,มีความผิด ต้องชำระค่าปรับแจ้งย้ายเกินกำหนด,true,ไม่เสียค่าปรับ เนื่องจากจำเป็น,false,รถไม่สามารถแจ้งย้ายได้,false,ผิดทุกข้อ,false,[  ],กฎหมายว่าด้วยรถยนต์
"หากประสงค์จะโอนรถเจ้าของรถต้องแจ้งโอนรถต่อนายทะเบียนภายในกี่วัน",หากประสงค์จะโอนรถเจ้าของรถต้องแจ้งโอนรถต่อนายทะเบียนภายใน 15 วัน,60 วัน,false,25 วัน,false,30 วัน,false,15 วัน,true,[  ],กฎหมายว่าด้วยรถยนต์
"กรณีเจ้าของรถมีภารกิจไม่สามารถมาดำเนินแจ้งโอนรถต่อนายทะเบียนภายในเวลาที่กฎหมายกำหนด ข้อใดถูกต้อง",กรณีเจ้าของรถมีภารกิจไม่สามารถมาดำเนินแจ้งโอนรถต่อนายทะเบียนภายในเวลาที่กฎหมายกำหนด มีความผิด ต้องชำระค่าปรับโอนเกินกำหนด,ไม่เสียค่าปรับ เนื่องจากจำเป็น,false,มีความผิด ต้องชำระค่าปรับโอนเกินกำหนด,true,รถไม่สามารถแจ้งย้ายได้,false,ผิดทุกข้อ,false,[  ],กฎหมายว่าด้วยรถยนต์
"ข้อใดผิด",รถยนต์ส่วนบุคคล นำมาใช้รับจ้างไม่ได้,รถยนต์ส่วนบุคคล นำมาใช้รับจ้างได้,true,รถจักรยานยนต์ส่วนบุคคล ห้ามนำมาใช้ในการรับจ้างบรรทุกผู้โดยสาร,false,รถจักรยานยนต์สาธารณะ ใช้เพื่อการรับจ้างบรรทุกผู้โดยสาร,false,รถจักรยานยนต์สาธารณะ ใช้ในกิจการส่วนตัวได้,false,[  ],กฎหมายว่าด้วยรถยนต์
"นาย ก นำรถจักรยานยนต์สาธารณะของตนเองรับส่งภรรยาไปตลาดได้หรือไม่อย่างไร",นาย ก นำรถจักรยานยนต์สาธารณะของตนเองรับส่งภรรยาไปตลาดได้เพราะรถจักรยานยนต์สาธารณะสามารถนำมาใช้กิจการส่วนตัวของเจ้าของรถได้,ได้ เพราะภรรยานาย ก เป็นคนในครอบครัว,false,ได้ เพราะรถจักรยานยนต์สาธารณะสามารถนำมาใช้กิจการส่วนตัวของเจ้าของรถได้,true,ไม่ได้ เพราะรถจักรยานยนต์สาธารณะต้องนำมารับจ้างเท่านั้น,false,ไม่ได้ เพราะ รถจักรยานยนต์สาธารณะห้ามใช้ในกิจการส่วนบุคคลของเจ้าของรถ,false,[  ],กฎหมายว่าด้วยรถยนต์
"รถประเภทใดต่อไปนี้ใช้รับจ้างบรรทุกคนโดยสารได้",รถจักรยานยนต์สาธารณะใช้รับจ้างบรรทุกคนโดยสารได้,รถจักรยานยนต์สาธารณะ,true,รถจักรยานยนต์ส่วนบุคคล,false,รถยนต์ส่วนบุคคล,false,รถตู้ส่วนบุคคล,false,[  ],กฎหมายว่าด้วยรถยนต์
"รถยนต์ ไว้เพื่อขายหรือเพื่อซ่อม (ป้ายแดง) ตามกฎหมายว่าด้วยรถยนต์ ขับได้ในช่วงเวลาใด",รถยนต์ ไว้เพื่อขายหรือเพื่อซ่อม (ป้ายแดง) ตามกฎหมายว่าด้วยรถยนต์ ขับได้ระหว่างพระอาทิตย์ขึ้นจนถึงพระอาทิตย์ตก,ขับได้ตั้งแต่เวลา 08.00 น. ถึง 16.00 น.,false,ขับได้ตลอดเวลา,false,ห้ามขับเพราะยังไม่ได้เสียภาษี,false,ขับได้ระหว่างพระอาทิตย์ขึ้นจนถึงพระอาทิตย์ตก,true,[  ],กฎหมายว่าด้วยรถยนต์
"รถที่ไม่ได้เสียภาษีภายในเวลาที่กำหนดต้องชำระเงินเพิ่มร้อยละเท่าใด",รถที่ไม่ได้เสียภาษีภายในเวลาที่กำหนดต้องชำระเงินเพิ่มร้อยละ 1 บาทต่อเดือน," ร้อยละ 1 บาทต่อเดือน",true," ร้อยละ 1 บาทต่อปี",false," ร้อยละ 10 บาทต่อเดือน",false," ร้อยละ 10 บาทต่อปี",false,[  ],กฎหมายว่าด้วยรถยนต์
"รถที่ค้างชำระภาษีประจำปีติดต่อกันครบสามปี จะมีผลตามกฎหมายอย่างใด",รถที่ค้างชำระภาษีประจำปีติดต่อกันครบสามปี จะมีผลตามกฎหมาย คือ ทะเบียนระงับ,ทะเบียนระงับ,true,สามารถนำรถไปตรวจสภาพและต่อภาษีประจำปีได้,false,สามารถกระทำได้ตามข้อ 1  และ 2,false,สามารถนำรถไปแจ้งไม่ใช้ตลอดไปและจดทะเบียนใหม่ได้,false,[  ],กฎหมายว่าด้วยรถยนต์
"ข้อใดถูกต้อง",รถยนต์อายุการใช้งานครบ 7 ปี ประสงค์จะต่อภาษีประจำปีต้องนำรถไปตรวจที่สถานตรวจสภาพเอกชน,รถยนต์อายุการใช้งานครบ 5 ปี ประสงค์จะต่อภาษีประจำปีต้องนำรถไปตรวจที่สถานตรวจสภาพเอกชน,false,รถยนต์อายุการใช้งานครบ 7 ปี ประสงค์จะต่อภาษีประจำปีต้องนำรถไปตรวจที่สถานตรวจสภาพเอกชน,true,รถจักรยานยนต์อายุการใช้งานครบ 7 ปี ประสงค์จะต่อภาษีประจำปีต้องนำรถไปตรวจที่สถานตรวจสภาพเอกชน,false,รถยนต์อายุการใช้งานครบ 10 ปี ประสงค์จะต่อภาษีประจำปีต้องนำรถไปตรวจที่สถานตรวจสภาพเอกชน,false,[  ],กฎหมายว่าด้วยรถยนต์
"ข้อใดถูกต้อง",รถจักรยานยนต์อายุการใช้งานครบ 5 ปี ประสงค์จะต่อภาษีประจำปีต้องนำรถไปตรวจที่สถานตรวจสภาพเอกชน,รถจักรยานยนต์อายุการใช้งานครบ 5 ปี ประสงค์จะต่อภาษีประจำปีต้องนำรถไปตรวจที่สถานตรวจสภาพเอกชน,true,รถยนต์อายุการใช้งานครบ 5 ปี ประสงค์จะต่อภาษีประจำปีต้องนำรถไปตรวจที่สถานตรวจสภาพเอกชน,false,รถจักรยานยนต์อายุการใช้งานครบ 7 ปี ประสงค์จะต่อภาษีประจำปีต้องนำรถไปตรวจที่สถานตรวจสภาพเอกชน,false,รถยนต์อายุการใช้งานครบ 10 ปี ประสงค์จะต่อภาษีประจำปีต้องนำรถไปตรวจที่สถานตรวจสภาพเอกชน,false,[  ],กฎหมายว่าด้วยรถยนต์
"ข้อใดถูกต้องในขณะขับรถ",ในขณะขับรถ ผู้ขับรถต้องมีใบอนุญาตขับรถ และสำเนาภาพถ่ายใบคู่มือจดทะเบียนรถ,ผู้ขับรถต้องมีสำเนาใบอนุญาตขับรถ และใบคู่มือจดทะเบียนรถ,false,ผู้ขับรถต้องมีใบอนุญาตขับรถ และใบคู่มือจดทะเบียนรถ,false,ผู้ขับรถต้องมีใบอนุญาตขับรถ และสำเนาภาพถ่ายใบคู่มือจดทะเบียนรถ,true,ผู้ขับรถต้องมีสำเนาใบอนุญาตขับรถ และสำเนาใบคู่มือจดทะเบียนรถ,false,[  ],กฎหมายว่าด้วยรถยนต์
"ข้อใดถูกต้อง",ใบอนุญาตขับรถยนต์สาธารณะ ใช้แทน ใบอนุญาตขับรถยนต์ส่วนบุคคลได้,ใบอนุญาตขับรถยนต์สาธารณะ ใช้แทน ใบอนุญาตขับรถจักรยานยนต์ส่วนบุคคลได้,false,ใบอนุญาตขับรถยนต์สาธารณะ ใช้แทน ใบอนุญาตขับรถยนต์ส่วนบุคคลได้,true,ใบอนุญาตขับรถยนต์สาธารณะ ใช้แทน ใบอนุญาตขับรถยนต์สามล้อส่วนบุคคลได้,false,ใบอนุญาตขับรถยนต์สามล้อสาธารณะ ใช้แทน ใบอนุญาตขับรถจักรยานยนต์ส่วนบุคคลได้,false,[  ],กฎหมายว่าด้วยรถยนต์
"ข้อใดถูกต้อง",ใบอนุญาตขับรถจักรยานยนต์สาธารณะ ใช้แทน ใบอนุญาตขับรถจักรยานยนต์ส่วนบุคคลได้,ใบอนุญาตขับรถจักรยานยนต์สาธารณะ ใช้แทน ใบอนุญาตขับรถจักรยานยนต์ส่วนบุคคลได้,true,ใบอนุญาตขับรถยนต์สามล้อสาธารณะ ใช้แทน ใบอนุญาตขับรถจักรยานยนต์ส่วนบุคคลได้,false,ใบอนุญาตขับรถยนต์สาธารณะ ใช้แทน ใบอนุญาตขับรถจักรยานยนต์ส่วนบุคคลได้,false,ใบอนุญาตขับรถยนต์สาธารณะ ใช้แทน ใบอนุญาตขับรถยนต์สามล้อส่วนบุคคลได้,false,[  ],กฎหมายว่าด้วยรถยนต์
"ข้อใดถูกต้อง",ใบอนุญาตขับรถยนต์สามล้อสาธารณะ ใช้แทน ใบอนุญาตขับรถยนต์สามล้อส่วนบุคคลได้,ใบอนุญาตขับรถยนต์สามล้อสาธารณะ ใช้แทน ใบอนุญาตขับรถจักรยานยนต์ส่วนบุคคลได้,false,ใบอนุญาตขับรถยนต์สาธารณะ ใช้แทน ใบอนุญาตขับรถยนต์สามล้อส่วนบุคคลได้,false,ใบอนุญาตขับรถยนต์สาธารณะ ใช้แทน ใบอนุญาตขับรถจักรยานยนต์ส่วนบุคคลได้,false,ใบอนุญาตขับรถยนต์สามล้อสาธารณะ ใช้แทน ใบอนุญาตขับรถยนต์สามล้อส่วนบุคคลได้,true,[  ],กฎหมายว่าด้วยรถยนต์
"ใบอนุญาตขับรถส่วนบุคคลชั่วคราวมีอายุกี่ปี",ใบอนุญาตขับรถส่วนบุคคลชั่วคราวมีอายุ 1 ปี,1  ปี,true,2  ปี,false,3  ปี,false,5  ปี,false,[  ],กฎหมายว่าด้วยรถยนต์
"หากประสงค์จะเปลี่ยนประเภทใบอนุญาตขับรถยนต์ส่วนบุคคลชั่วคราวเป็นประเภทส่วนบุคคลชนิด 5 ปี ข้อใดถูกต้อง",หากประสงค์จะเปลี่ยนประเภทใบอนุญาตขับรถยนต์ส่วนบุคคลชั่วคราวเป็นประเภทส่วนบุคคลชนิด 5 ปี สามารถเปลี่ยนได้ล่วงหน้า 60 วัน,สามารถเปลี่ยนได้ล่วงหน้า 30 วัน,false,สามารถเปลี่ยนได้ล่วงหน้า 60 วัน,true,สามารถเปลี่ยนได้ล่วงหน้า 1 เดือน,false,สามารถเปลี่ยนได้ล่วงหน้า 3 เดือน,false,[  ],กฎหมายว่าด้วยรถยนต์
"ใบอนุญาตขับรถส่วนบุคคลชนิด 5 ปีต่ออายุล่วงหน้ากี่เดือน",ใบอนุญาตขับรถส่วนบุคคลชนิด 5 ปีต่ออายุล่วงหน้า 3 เดือน,1 เดือน,false,3 เดือน,true,4 เดือน,false,6 เดือน,false,[  ],กฎหมายว่าด้วยรถยนต์
"นาย ก เกิดที่จังหวัดเชียงใหม่ ประสงค์ขอรับใบอนุญาตขับรถยนต์ส่วนบุคคลชั่วคราว จะต้องไปดำเนินการที่ใด",นาย ก เกิดที่จังหวัดเชียงใหม่ ประสงค์ขอรับใบอนุญาตขับรถยนต์ส่วนบุคคลชั่วคราว จะต้องไปดำเนินการที่สำนักงานขนส่งจังหวัด และสำนักงานขนส่งจังหวัดสาขา ทุกแห่ง,สำนักงานขนส่งจังหวัด และสำนักงานขนส่งจังหวัดสาขา ทุกแห่ง,true,สำนักงานขนส่งจังหวัดเชียงใหม่ ยกเว้น กรุงเทพมมหานคร,false,สำนักงานขนส่งจังหวัดเชียงใหม่ ยกเว้น สำนักงานขนส่งจังหวัดยะลา สาขาอำเภอเบตง,false,ผิดทุกข้อ,false,[  ],กฎหมายว่าด้วยรถยนต์
"ผู้ขอรับใบอนุญาตขับรถยนต์ชั่วราวต้องมีอายุกี่ปี",ผู้ขอรับใบอนุญาตขับรถยนต์ชั่วราวต้องมีอายุไม่ต่ำกว่า 18 ปี บริบูรณ์,ไม่ต่ำกว่า 15 ปี บริบูรณ์,false,ไม่ต่ำกว่า 16 ปี บริบูรณ์,false,ไม่ต่ำกว่า 17 ปี บริบูรณ์,false,ไม่ต่ำกว่า 18 ปี บริบูรณ์,true,[  ],กฎหมายว่าด้วยรถยนต์
"นายชาย พิการไม่มีนิ้วมือข้างซ้าย ประสงค์ขอรับใบอนุญาตขับรถยนต์ชั่วคราวได้หรือไม่",นายชาย พิการไม่มีนิ้วมือข้างซ้าย ประสงค์ขอรับใบอนุญาตขับรถยนต์ชั่วคราวได้ เพราะ ไม่เป็นผู้มีร่างกายพิการจนเป็นที่เห็นได้ว่าไม่สามารถขับรถได้,ไม่ได้ เพราะ นายชายเป็นผู้มีร่างกายพิการ,false,ไม่ได้ เพราะ ขัดต่อระเบียบกรมการขนส่งทางบก,false,ได้ เพราะ หากนายชายมีบัตรผู้พิการ,false,ได้ เพราะ ไม่เป็นผู้มีร่างกายพิการจนเป็นที่เห็นได้ว่าไม่สามารถขับรถได้,true,[  ],กฎหมายว่าด้วยรถยนต์
"บุคคลในข้อต่อไปนี้บุคคลใดสามารถขอรับใบอนุญาตขับรถได้",นายชาย ไม่เป็นผู้มีร่างกายพิการจนเป็นที่เห็นได้ว่าไม่สามารถขับรถได้ สามารถขอรับใบอนุญาตขับรถได้,นายชาย ไม่เป็นผู้มีร่างกายพิการจนเป็นที่เห็นได้ว่าไม่สามารถขับรถได้,true,นางหญิงเป็นบุคคลวิกลจริตหรือจิตฟั่นเฟือน,false,นายดำ เป็นผู้อยู่ระหว่างถูกยึดใบอนุญาต,false,นางแดง เป็นวัณโรค,false,[  ],กฎหมายว่าด้วยรถยนต์
"นายแดง ประสงค์ขอรับใบอนุญาตขับรถยนต์สาธารณะ ข้อใดถูกต้อง",นายแดง ประสงค์ขอรับใบอนุญาตขับรถยนต์สาธารณะ ต้องได้รับใบอนุญาตขับรถมาแล้วไม่น้อยกว่า 1 ปี ไม่เป็นผู้มีร่างกายพิการจนเป็นที่เห็นได้ว่าไม่สามารถขับรถได้และไม่เป็นบุคคลวิกลจริตหรือจิตฟั่นเฟือน,นายแดง ไม่เป็นบุคคลวิกลจริตหรือจิตฟั่นเฟือน,false,นายแดงต้องได้รับใบอนุญาตขับรถมาแล้วไม่น้อยกว่า 1 ปี,false,นายแดง ไม่เป็นผู้มีร่างกายพิการจนเป็นที่เห็นได้ว่าไม่สามารถขับรถได้,false,ถูกทุกข้อ,true,[  ],กฎหมายว่าด้วยรถยนต์
"ผู้ขอรับใบอนุญาตขับรถยนต์สาธารณะต้องมีคุณสมบัติอย่างไร",ผู้ขอรับใบอนุญาตขับรถยนต์สาธารณะต้องรู้จักถนนและทางหลวงในจังหวัดที่ขอรับใบอนุญาตขับรถพอสมควร,ต้องรู้จักถนนและทางหลวงในจังหวัดที่ขอรับใบอนุญาตขับรถพอสมควร,true,อายุครบ 20 ปีบริบูรณ์,false,มีประสบการณ์ในการขับรถมาแล้วอย่างน้อย 5 ปี,false,ต้องมีใบอนุญาตขับรถจักรยานยนต์และใบอนุญาตขับรถยนต์,false,[  ],กฎหมายว่าด้วยรถยนต์
"ข้อใดถูกต้อง",ผู้ขอรับใบอนุญาตขับรถยนต์สาธารณะต้องรู้จักถนนและทางหลวงในจังหวัดที่ขอรับใบอนุญาตขับรถพอสมควร ไม่เป็นผู้ติดสุรายาเมาหรือยาเสพติดให้โทษและมีสัญชาติไทย,มีสัญชาติไทย,false,ต้องรู้จักถนนและทางหลวงในจังหวัดที่ขอรับใบอนุญาตขับรถพอสมควร,false,ไม่เป็นผู้ติดสุรายาเมาหรือยาเสพติดให้โทษ,false,ถูกทุกข้อ,true,[  ],กฎหมายว่าด้วยรถยนต์
"หากปรากฏภายหลังว่าเป็นผู้ขาดคุณสมบัติในการขอรับใบอนุญาตขับรถ ท่านจะปฏิบัติอย่างไร",หากปรากฏภายหลังว่าเป็นผู้ขาดคุณสมบัติในการขอรับใบอนุญาตขับรถ จะต้องแจ้งให้นายทะเบียนเพื่อเพิกถอนใบอนุญาตและนำใบอนุญาตขับรถที่ถูกเพิกถอนส่งคืนกรมการขนส่งทางบก,แจ้งให้นายทะเบียนเพื่อเพิกถอนใบอนุญาตและนำใบอนุญาตขับรถที่ถูกเพิกถอนส่งคืนกรมการขนส่งทางบก,true,แจ้งให้นายทะเบียนเพื่อเพิกถอนใบอนุญาต,false,ใช้ใบอนุญาตขับรถนั้นต่อไป,false,นำใบอนุญาตขับรถที่ถูกเพิกถอนส่งคืน,false,[  ],กฎหมายว่าด้วยรถยนต์
"กรณีถูกพักใช้ใบอนุญาตขับรถมีสิทธิอุทธรณ์ได้ภายในกี่วัน",กรณีถูกพักใช้ใบอนุญาตขับรถมีสิทธิอุทธรณ์ได้ภายใน 15 วัน,30 วัน,false,15 วัน,true,45 วัน,false,60 วัน,false,[  ],กฎหมายว่าด้วยรถยนต์
"กรณีถูกเพิกถอนใบอนุญาตขับรถมีสิทธิอุทธรณ์ได้ภายในกี่วัน",กรณีถูกเพิกถอนใบอนุญาตขับรถมีสิทธิอุทธรณ์ได้ภายใน 15 วัน,45 วัน,false,30 วัน,false,15 วัน,true,60 วัน,false,[  ],กฎหมายว่าด้วยรถยนต์
"กรณีถูกพักใช้หรือเพิกถอนใบอนุญาตขับรถมีสิทธิอุทธรณ์ได้ภายในกี่วัน",กรณีถูกพักใช้หรือเพิกถอนใบอนุญาตขับรถมีสิทธิอุทธรณ์ได้ภายใน 15 วัน,15 วัน,true,30 วัน,false,60 วัน,false,90 วัน,false,[  ],กฎหมายว่าด้วยรถยนต์
"ผู้ได้รับใบอนุญาตขับรถที่ถูกสั่งเพิกถอนใบอนุญาตขับรถต้องส่งคืนใบอนุญาตขับรถให้แก่นายทะเบียนภายในกี่วัน",ผู้ได้รับใบอนุญาตขับรถที่ถูกสั่งเพิกถอนใบอนุญาตขับรถต้องส่งคืนใบอนุญาตขับรถให้แก่นายทะเบียนภายใน 15 วัน,30 วัน,false,15 วัน,true,60 วัน,false,90 วัน,false,[  ],กฎหมายว่าด้วยรถยนต์
"ใบอนุญาตขับรถสูญหายต้องแจ้งนายทะเบียนภายในกี่วันนับแต่วันทราบเหตุนั้น",ใบอนุญาตขับรถสูญหายต้องแจ้งนายทะเบียนภายใน 15 วันนับแต่วันทราบเหตุนั้น,15 วัน,true,30 วัน,false,60 วัน,false,90 วัน,false,[  ],กฎหมายว่าด้วยรถยนต์
"ใบอนุญาตขับรถชำรุดในสาระสำคัญต้องแจ้งนายทะเบียนภายในกี่วันนับแต่วันทราบเหตุนั้น",ใบอนุญาตขับรถชำรุดในสาระสำคัญต้องแจ้งนายทะเบียนภายใน 15 วันนับแต่วันทราบเหตุนั้น,30 วัน,false,15 วัน,true,60 วัน,false,90 วัน,false,[  ],กฎหมายว่าด้วยรถยนต์
"เมื่อกระทำผิดตามกฎหมายว่าด้วยรถยนต์ และได้รับคำสั่งผู้ตรวจการรถยนต์ให้ไปรายงานตัวผู้ขับรถจะต้องไปรายงานตัวต่อนายทะเบียนภายในกี่วัน",เมื่อกระทำผิดตามกฎหมายว่าด้วยรถยนต์ และได้รับคำสั่งผู้ตรวจการรถยนต์ให้ไปรายงานตัวผู้ขับรถจะต้องไปรายงานตัวต่อนายทะเบียนภายใน 7 วัน,7 วัน,true,3 วัน,false,10 วัน,false,15 วัน,false,[  ],กฎหมายว่าด้วยรถยนต์
"กรณีใดผู้ขับรถยนต์สาธารณะสามารถปฎิเสธไม่รับจ้างบรรทุกคนโดยสารได้",ผู้ขับรถยนต์สาธารณะสามารถปฎิเสธไม่รับจ้างบรรทุกคนโดยสารได้กรณีผู้โดยสารเมาสุรา ผู้โดยสารนำทุเรียนส่งกลิ่นขึ้นมาบนรถและผู้โดยสารเป็นบุคคลวิกลจริต,ผู้โดยสารเป็นบุคคลวิกลจริต,false,ผู้โดยสารเมาสุรา,false,ผู้โดยสารนำทุเรียนส่งกลิ่นขึ้นมาบนรถ,false,ถูกทุกข้อ,true,[  ],กฎหมายว่าด้วยรถยนต์
"ผู้ขับรถยนต์สาธารณะต้องปฏิบัติอย่างไร",ผู้ขับรถยนต์สาธารณะต้องพาผู้โดยสารไปยังสถานที่ที่ว่าจ้างตามเส้นทางที่ตกลงกันไว้,พาผู้โดยสารไปยังสถานที่ที่ว่าจ้างตามเส้นทางที่ตกลงกันไว้,true,ไม่พาผู้โดยสารไปยังสถานที่ที่ว่าจ้างตามเส้นทางที่สั้นที่สุด,false,ไม่พาผู้โดยสารไปยังสถานที่ที่ว่าจ้างตามเส้นทางที่เร็วที่สุด,false,พาผู้โดยสารไปยังสถานที่ที่ว่าจ้างตามเส้นทางที่อ้อม,false,[  ],กฎหมายว่าด้วยรถยนต์
"ผู้ขับรถยนต์สาธารณะต้องปฏิบัติอย่างไร",ผู้ขับรถยนต์สาธารณะต้องพาผู้โดยสารไปยังสถานที่ที่ว่าจ้างตามเส้นทางที่สั้นที่สุด,พาผู้โดยสารไปยังสถานที่ที่ว่าจ้างตามเส้นทางที่สั้นที่สุด,true,ไม่พาผู้โดยสารไปยังสถานที่ที่ว่าจ้างตามเส้นทางที่ตกลงกันไว้,false,ไม่พาผู้โดยสารไปยังสถานที่ที่ว่าจ้างตามเส้นทางที่เร็วที่สุด,false,พาผู้โดยสารไปยังสถานที่ที่ว่าจ้างตามเส้นทางที่อ้อม,false,[  ],กฎหมายว่าด้วยรถยนต์
"ผู้ขับรถผู้ขับรถสาธารณะต้องปฏิบัติตนอย่างไร",ผู้ขับรถผู้ขับรถสาธารณะต้องไม่สูบบุหรี่,ปฎิเสธผู้โดยสารในเส้นทางที่จราจรติดขัด,false,ไม่สูบบุหรี่,true,ใช้ใบอนุญาตขับรถยนต์ส่วนบุคคลแทนเมื่อใบอนุญาตขับรถยนต์สาธารณะขาดอายุ,false,เปิดวิทยุเสียงดังเพื่อให้ผู้โดยสารฟังแก้เครียด,false,[  ],กฎหมายว่าด้วยรถยนต์
"ผู้ขับรถสาธารณะต้องปฏิบัติตนอย่างไร",ผู้ขับรถสาธารณะต้องไม่ทำตนน่าลำคาญ,เปิดวิทยุเสียงดังเพื่อให้ผู้โดยสารฟังแก้เครียด,false,พูดคุยเสียงดังรบกวนผู้อื่น,false,ไม่ทำตนน่ารำคาญ,true,สูบบุหรี่แก้เครียดเวลารถติด,false,[  ],กฎหมายว่าด้วยรถยนต์
"ผู้ขับรถสาธารณะต้องปฏิบัติตนอย่างไร",ผู้ขับรถสาธารณะต้องไม่กล่าววาจาไม่สุภาพ เสียดสี,สูบบุหรี่แก้เครียดเวลารถติด,false,พูดคุยเสียงดัง,false,ใส่เสื้อยืดขับรถ,false,ไม่กล่าววาจาไม่สุภาพ เสียดสี,true,[  ],กฎหมายว่าด้วยรถยนต์
"ผู้ขับรถสาธารณะต้องปฏิบัติตนอย่างไร",ผู้ขับรถสาธารณะต้องไม่ก้าวร้าว ดูหมิ่นผู้โดยสาร,ไม่ก้าวร้าว ดูหมิ่นผู้โดยสาร,true,พูดคุยเสียงดัง,false,ใส่เสื้อยืดขับรถ,false,สูบบุหรี่แก้เครียดเวลารถติด,false,[  ],กฎหมายว่าด้วยรถยนต์
"ในขับรถผู้ขับรถสาธารณะต้องปฏิบัติตนอย่างไร",ในขับรถผู้ขับรถสาธารณะต้องไม่เสพสุราของมึนเมา,สูบบุหรี่แก้เครียดเวลารถติด,false,ตักเตือนผู้โดยสารเมื่อแต่งกายไม่สุภาพ,false,ใส่เครื่องแบบพนักงานขับรถในเส้นทางที่เจ้าหน้าที่ตั้งด่านตรวจประจำ,false,ไม่เสพสุราของมึนเมา,true,[  ],กฎหมายว่าด้วยรถยนต์
"ผู้ขับรถสาธารณะต้องปฏิบัติตนอย่างไร",ผู้ขับรถสาธารณะต้องไม่เสพยาเสพติดให้โทษ,เปิดวิทยุเสียงดังเพื่อให้ผู้โดยสารฟังแก้เครียด,false,ไม่เสพยาเสพติดให้โทษ,true,จอดรถตามความต้องการข้องผู้ดดยสาร,false,สูบบุหรี่แก้เครียดเวลารถติด,false,[  ],กฎหมายว่าด้วยรถยนต์
"ผู้ขับรถสาธารณะต้องปฏิบัติตนอย่างไร",ผู้ขับรถสาธารณะต้องไม่เสพวัตถุออกฤทธิ์ต่อจิตประสาท,ไม่เสพวัตถุออกฤทธิ์ต่อจิตประสาท,true,ขับด้วยความเร็วเมื่อผู้โดยสารเร่งรีบ,false,ตามใจผู้โดยสารเพื่อให้ถึงจุดหมายให้เร็วที่สุด,false,สูบบุหรี่แก้เครียดเวลารถติด,false,[  ],กฎหมายว่าด้วยรถยนต์
"ผู้ขับรถสาธารณะต้องปฏิบัติตนอย่างไร",ผู้ขับรถสาธารณะต้องไม่ขับรถในขณะหย่อนความสามารถ,ชวนผู้โดยสารคุยเพื่อความเป็นกันเอง,false,เมื่อง่วงก็ขออนุญาตผู้โดยสารจอดนอน,false,ไม่ขับรถในขณะหย่อนความสามารถ,true,แจกหมายเลขโทรศัพท์เพื่อหาลูกค้า,false,[  ],กฎหมายว่าด้วยรถยนต์
"ผู้ใดขับรถโดยไม่ได้รับใบอนุญาตขับรถมีโทษอย่างไร","ผู้ใดขับรถโดยไม่ได้รับใบอนุญาตขับรถมีโทษ จำคุกไม่เกิน 1 เดือน หรือปรับไม่เกิน 1,000 บาท หรือทั้งจำทั้งปรับ","จำคุกไม่เกิน 1 เดือน หรือปรับไม่เกิน 1,000 บาท หรือทั้งจำทั้งปรับ",true,"ปรับไม่เกิน 1,000 บาท",false,"จำคุกไม่เกิน 6 เดือน หรือปรับไม่เกิน 1,000 บาท หรือทั้งจำทั้งปรับ",false,"ปรับไม่เกิน 2,000 บาท",false,[  ],กฎหมายว่าด้วยรถยนต์
"ผู้ใดขับรถโดยใบอนุญาตขับรถสิ้นอายุมีโทษอย่างไร","ผู้ใดขับรถโดยใบอนุญาตขับรถสิ้นอายุมีโทษ ปรับไม่เกิน 2,000 บาท","ปรับไม่เกิน 1,000 บาท",false,"จำคุกไม่เกิน 1 เดือน หรือปรับไม่เกิน 1,000 บาท หรือทั้งจำทั้งปรับ",false,"จำคุกไม่เกิน 6 เดือน หรือปรับไม่เกิน 1,000 บาท หรือทั้งจำทั้งปรับ",false,"ปรับไม่เกิน 2,000 บาท",true,[  ],กฎหมายว่าด้วยรถยนต์
"นาย ก ใช้รถยนต์มาแล้วเป็นปีที่ 6 ประสงค์จะเสียภาษีรถประจำปีต้องใช้เอกสารใดในการชำระภาษีรถ","นาย ก ใช้รถยนต์มาแล้วเป็นปีที่ 6 ประสงค์จะเสียภาษีรถประจำปีต้องใช้ใบรับรองการผ่านตรวจสภาพเอกชน , พ.ร.บ. คุ้มครองผู้ประสบภัยจากรถ ในการชำระภาษี","ใบรับรองการผ่านตรวจสภาพเอกชน , พ.ร.บ. คุ้มครองผู้ประสบภัยจากรถ, คู่มือจดทะเบียนรถ",false,"ใบรับรองการผ่านตรวจสภาพเอกชน , พ.ร.บ. คุ้มครองผู้ประสบภัยจากรถ",true,"ใบรับรองการผ่านตรวจสภาพเอกชน, คู่มือจดทะเบียนรถ",false,"ใบรับรองการผ่านตรวจสภาพเอกชน , พ.ร.บ. คุ้มครองผู้ประสบภัยจากรถ, สำเนาคู่มือจดทะเบียนรถ",false,[  ],กฎหมายว่าด้วยรถยนต์
"เมื่อรถทะเบียนระงับ หากประสงค์จะจดทะเบียนรถใหม่ต้องนำรถไปตรวจสภาพรถที่ใด",เมื่อรถทะเบียนระงับ หากประสงค์จะจดทะเบียนรถใหม่ต้องนำรถไปตรวจสภาพรถที่สำนักงานขนส่งจังหวัดในภูมิลำเนาที่ประสงค์จดทะเบียนรถ,สำนักงานขนส่งจังหวัดในภูมิลำเนาที่ประสงค์จดทะเบียนรถ,true,สถานตรวจสภาพเอกชนในภูมิลำเนาที่ประสงค์จดทะเบียนรถ,false,สำนักงานขนส่งจังหวัดหรือสาขาในภูมิลำเนาที่ประสงค์จดทะเบียนรถ,false,ไม่สามารถจดทะเบียนรถได้เนื่องจากทะเบียนระงับแล้ว,false,[  ],กฎหมายว่าด้วยรถยนต์
"ประกันภัยชนิดใดใช้ประกอบการต่ออายุภาษีประจำปี",ประกันภัยชนิด คุ้มครองผู้ประสบภัยจากรถ ใช้ประกอบการต่ออายุภาษีประจำปี,ประกันภัยชนิด 1,false,ประกันภัยชนิด 2,false,ประกันภัยชนิด 3,false,ประกันภัยชนิด คุ้มครองผู้ประสบภัยจากรถ,true,[  ],กฎหมายว่าด้วยรถยนต์
