question,answer,choices.0.text,choices.0.correct,choices.1.text,choices.1.correct,choices.2.text,choices.2.correct,choices.3.text,choices.3.correct,images.0,category
"การขับรถขณะฝนตก ข้อใดที่ผู้ขับขี่ไม่ควรปฏิบัติ",การขับรถขณะฝนตก ผู้ขับขี่ไม่ควรเปิดไฟฉุกเฉินตลอดเส้นทาง,เปิดไฟฉุกเฉินตลอดเส้นทาง,true,เปิดที่ปัดน้ำฝน,false,ใช้ความระมัดระวังเพิ่มมากขึ้น,false,ลดความเร็วของรถลงกว่าปกติ,false,,เทคนิคการขับรถอย่างปลอดภัย
"เมื่อเกิดรถเสีย ควรปฏิบัติอย่างไร",เมื่อเกิดรถเสีย ควรนำรถจอดเข้าข้างทาง เปิดไฟฉุกเฉิน,จอดรถทิ้งไว้กลางถนน,false,นำกิ่งไม้วางไว้ท้ายรถ,false,เผาป่าข้างทางหากเป็นกลางคืน,false,"นำรถจอดเข้าข้างทาง, เปิดไฟฉุกเฉิน",true,,เทคนิคการขับรถอย่างปลอดภัย
"สัญญาณไฟเตือนบนแผงหน้าปัดรถสีใด ที่ไม่ควรปรากฏขณะขับรถ",สัญญาณเตือนบนแผงหน้าปัดรถสีแดง ไม่ควรปรากฏขณะขับรถ,สีแดง,true,สีเขียว,false,สีเหลือง,false,สีฟ้า,false,,เทคนิคการขับรถอย่างปลอดภัย
"การจับพวงมาลัยนิ้วมือควรอยู่ในลักษณะใด",การจับพวงมาลัยรถ นิ้วมือทั้งห้าต้องจับพวงมาลัยให้กระชับ สามารถหมุนได้คล่องตัว,นิ้วมือทั้งห้า จับพวงมาลัยให้กระชับ สามารถหมุนได้คล่องตัว,true,นิ้วมือทั้งห้า กำพวงมาลัยให้แน่นที่สุด,false,นิ้วมือทั้งห้าแตะที่พวงมาลัย สามารถหมุนพวงมาลัยด้วยมือข้างเดียว,false,ใช้นิ้วหัวแม่มือและนิ้วชี้จับพวงมาลัยเพียงสองนิ้ว,false,,เทคนิคการขับรถอย่างปลอดภัย
"เมื่อผู้ขับขี่ขับรถเสียหลักบนถนนเปียกลื่น ควรปฏิบัติอย่างไร",เมื่อผู้ขับขี่ขับรถเสียหลักบนถนนเปียกลื่น ควรถอนคันเร่ง จับพวงมาลัยให้มั่นประคองรถต่อไป,เหยียบเบรกทันที แล้วค่อยๆออกตัวเร่งความเร็วใหม่,false,ถอนคันเร่ง เหยียบเบรกเพื่อใช้เกียร์ต่ำ,false,ถอนคันเร่ง จับพวงมาลัยให้มั่นประคองรถต่อไป,true,ตั้งสติให้มั่น จับพวงมาลัยให้ดี เร่งความเร็วหนีให้พ้นไป,false,,เทคนิคการขับรถอย่างปลอดภัย
"ขณะขับรถขึ้นทางลาดชัน ถ้าเครื่องยนต์ดับควรปฏิบัติอย่างไร",หากเครื่องยนต์ดับขณะขับรถขึ้นทางลาดชัน ให้เหยียบเบรก ดึงเบรกมือ เข้าเกียร์ว่าง และติดเครื่องใหม่,เหยียบเบรก ดึงเบรกมือ เข้าเกียร์ว่าง และ ติดเครื่องใหม่,true,เหยียบเบรก ดึงเบรกมือ และ ติดเครื่องใหม่,false,เปลี่ยนเป็นเกียร์ต่ำ ดึงเบรกมือ และติดเครื่องใหม่,false,ปล่อยให้รถไหลไป แล้วค่อยประคองรถ,false,,เทคนิคการขับรถอย่างปลอดภัย
"ขณะขับรถ ถ้ากระจกบังลมหน้ารถแตกร้าว ควรปฎิบัติอย่างไร",หากกระจกบังลมหน้ารถแตกร้าวขณะขับรถ ให้ตั้งสติ ลดความเร็ว จอดรถข้างทาง เปิดไฟฉุกเฉิน,ตั้งสติ ลดความเร็ว จอดรถข้างทาง เปิดไฟฉุกเฉิน,true,ตั้งสติ เปิดไฟฉุกเฉิน และขับรถต่อไป,false,ตั้งสติ เปิดไฟฉุกเฉิน และหยุดรถทันที,false,ตั้งสติ จอดรถข้างทาง,false,,เทคนิคการขับรถอย่างปลอดภัย
"เพื่อความปลอดภัยในการขับรถช่วงฤดูฝน ควรตรวจสอบอุปกรณ์ส่วนควบสิ่งใดของรถก่อนเป็นลำดับแรก",การขับรถช่วงฤดูฝน ควรตรวจสอบที่ปัดน้ำฝนก่อนเป็นลำดับแรก,ที่ปัดน้ำฝน,true,น้ำในหม้อน้ำ,false,น้ำกลั่นแบตเตอรี่,false,ตรวจเช็คประตูหน้าต่างรถ,false,,เทคนิคการขับรถอย่างปลอดภัย
"ข้อใดเปิดไฟหน้ารถไม่ถูกต้อง",การเปิดไฟหน้ารถเมื่อต้องเร่งรีบไปทำงานเป็นพฤติกรรมที่ไม่ถูกต้อง,เมื่อไม่สามารถมองเห็นทางข้างหน้าในระยะต่ำกว่า 150 เมตร,false,เมื่อต้องเร่งรีบไปทำงาน,true,เมื่อฝนตกหนัก,false,เมื่อมีควันไฟปกคลุมถนน,false,,เทคนิคการขับรถอย่างปลอดภัย
"ในขณะที่ขับรถอยู่ มีกลิ่นเหม็นไหม้ แอร์เริ่มไม่เย็น เครื่องยนต์เร่งไม่ขึ้น ควรปฏิบัติอย่างไร",หากขณะขับรถ มีกลิ่นเหม็นไหม้ แอร์เริ่มไม่เย็น เครื่องยนต์เร่งไม่ขึ้น ควรจอดรถในที่ปลอดภัยแล้วเรียกช่างมาตรวจเช็ค,ขับต่อไปเรื่อยๆ,false,ลดความเร็วลงแล้วขับต่อไป,false,หยุดรถทันทีกลางถนนห้ามเคลื่อนย้าย,false,จอดรถในที่ปลอดภัยแล้วเรียกช่างมาตรวจเช็ค,true,,เทคนิคการขับรถอย่างปลอดภัย
"การหยุดรถบนทางลาดชัน ควรปฏิบัติตามลำดับอย่างไรจึงจะปลอดภัย",การหยุดรถบนทางลาดชันอย่างปลอดภัย ให้เหยียบคลัทช์ เหยียบเบรก ดึงเบรกมือ และปลดเกียร์ว่าง,เหยียบคลัทช์ เหยียบเบรก ดึงเบรกมือ และปลดเกียร์ว่าง,true,เหยียบคลัทช์ เหยียบเบรก ปลดเกียร์ว่าง,false,เหยียบคลัทช์ เหยียบเบรก ดึงเบรกมือ,false,เหยียบเบรกแล้วดึงเบรกมือ,false,,เทคนิคการขับรถอย่างปลอดภัย
"การหมุนพวงมาลัยรถ ขณะจอดรถอยู่กับที่จะมีผลอย่างไร",การหมุนพวงมาลัยรถขณะจอดรถอยู่กับที่ จะส่งผลให้ดอกยางสึกเร็วกว่าปกติ,ทำให้หมุนพวงมาลัยง่ายขึ้น,false,ดอกยางสึกเร็วกว่าปกติ,true,สิ้นเปลืองน้ำมันเพาเวอร์,false,สิ้นเปลืองน้ำมันเชื้อเพลิง,false,,เทคนิคการขับรถอย่างปลอดภัย
"การหยุดรถอย่างกะทันหัน(รถไม่ใช้เบรก ABS) ควรปฏิบัติอย่างไร",การหยุดรถอย่างกะทันหัน (รถไม่ใช้เบรก ABS) ให้เหยียบและปล่อยเบรกสลับกัน (ย้ำเบรกซ้ำๆ),เหยียบเบรกแรงๆโดยไม่ต้องถอนเบรก,false,เหยียบคลัทช์ก่อน แล้วจึงเหยียบเบรก,false,เหยียบเบรกและคลัทช์พร้อมกัน,false,เหยียบและปล่อยเบรกสลับกัน (ย้ำเบรกซ้ำๆ),true,,เทคนิคการขับรถอย่างปลอดภัย
"รถที่ขับมาด้วยความเร็วสูงแล้วเหยียบเบรกอย่างกะทันหัน(รถไม่ใช้เบรก ABS) จะมีผลอย่างไร",รถที่ขับมาด้วยความเร็วสูงแล้วเหยียบเบรกอย่างกะทันหัน (รถไม่ใช้เบรก ABS) จะส่งให้ล้อจะล็อค และรถจะหมุน,จะหยุดรถได้ตามระยะที่กำหนด,false,ล้อจะล็อค และรถจะหมุน,true,รถจะค่อยๆ ชะลอความเร็วลง,false,ล้อจะล็อค และรถจะหยุดทันที,false,,เทคนิคการขับรถอย่างปลอดภัย
"ขณะขับรถยางรถแตก จะมีอาการอย่างไร",หากยางรถแตกขณะขับรถ พวงมาลัยรถจะหนักและรถจะเอียง,พวงมาลัยรถจะไร้น้ำหนัก,false,พวงมาลัยจะหนัก รถจะเอียง,true,รถหยุดกะทันหัน,false,เบรกจะไม่ทำงาน,false,,เทคนิคการขับรถอย่างปลอดภัย
"ในขณะขับรถ ยางรถแตกหรือระเบิด ผู้ขับขี่ควรปฏิบัติอย่างไร",หากยางรถแตกหรือระเบิดขณะขับรถ ให้คุมสติ บังคับพวงมาลัย ลดความเร็วลง และไม่ควรเหยียบเบรกกะทันหัน,คุมสติ บังคับพวงมาลัย ลดความเร็วลงและไม่ควรเหยียบเบรกกะทันหัน,true,รีบเหยียบเบรกให้เร็วที่สุด,false,หมุนพวงมาลัยอย่างรวดเร็วเพื่อหลบเข้าข้างทาง,false,ปลดเกียร์ว่างแล้วรีบเหยียบเบรก,false,,เทคนิคการขับรถอย่างปลอดภัย
"ในขณะที่กำลังขับรถ ถ้าฝากระโปรงหน้ารถเปิด ผู้ขับขี่ควรปฏิบัติอย่างไร",หากฝากระโปรงหน้ารถเปิดขณะขับรถ ให้ลดความเร็วแล้วจอดข้างทาง เพื่อปิดฝากระโปรงให้เรียบร้อย,ลดความเร็วแล้วจอดข้างทาง เพื่อปิดฝากระโปรงให้เรียบร้อย,true,หักเลี้ยวรถเข้าข้างทางทันที เพื่อปิดฝากระโปรงให้เรียบร้อย,false,เบรกกะทันหัน,false,เหยียบคันเร่งให้มิดเพื่อฝากระโปรงจะได้กระแทกปิด,false,,เทคนิคการขับรถอย่างปลอดภัย
"ข้อใดเป็นวิธีแก้ไขเบื้องต้นเมื่อรถเกิดไฟลัดวงจร",วิธีแก้ไขเบื้องต้นเมื่อรถเกิดไฟลัดวงจร คือ ตัดกระแสไฟหรือหาทางตัดขั้วแบตเตอรี่ออกก่อน,หาผ้าหนา ๆ มาตบ,false,ตัดกระแสไฟ หรือหาทางงัดขั้วแบตเตอรี่ออกก่อน,true,วิ่งหาน้ำมันมาราด,false,ใช้ทรายสาดใส่,false,,เทคนิคการขับรถอย่างปลอดภัย
"การปรับระดับที่นั่งคนขับห่างเกินไป จะมีผลอย่างไร",การปรับระดับที่นั่งคนขับห่างเกินไป จะส่งผลให้การบังคับพวงมาลัยรถลำบาก ใช้อุปกรณ์ต่างๆ ไม่สะดวก เกิดเหตุฉุกเฉิน ไม่สามารถใช้คลัทช์และเบรกได้,ทำให้เข้าเกียร์ได้ง่าย,false,ทำให้ทัศนวิสัยในการมองเห็นชัดเจนดีมาก สามารถตัดสินใจได้ดี,false,บังคับพวงมาลัยลำบาก ใช้อุปกรณ์ต่างๆ ไม่สะดวก เกิดเหตุฉุกเฉินไม่สามารถใช้คลัทช์ และเบรกได้,true,ทำให้เบรกรถสะดวก,false,,เทคนิคการขับรถอย่างปลอดภัย
"การตรวจสอบว่าเข็มขัดนิรภัยยังใช้งานได้ดีหรือไม่ ควรตรวจสอบอย่างไร",วิธีการตรวจสอบว่าเข็มขัดนิรภัยยังใช้งานได้ดีหรือไม่ คือ กระตุกดึงสายเข็มขัดอย่างรวดเร็ว แล้วสายเข็มขัดต้องล็อค,กระตุกดึงสายเข็มขัดอย่างเร็ว แล้วสายเข็มขัดต้องล็อค,true,ดูว่าเป็นของใหม่หรือไม่,false,ดูว่าเข็มขัดมียี่ห้อหรือไม่,false,ต้องมีสีเข้มๆ,false,,เทคนิคการขับรถอย่างปลอดภัย
"ถ้ารถเสียหลักลื่นไถลพร้อมเสียการทรงตัว ควรปฏิบัติอย่างไรเป็นลำดับแรก",หากรถเสียหลักลื่นไถลพร้อมเสียการทรงตัว ให้ลดความเร็วรถ จับพวงมาลัยให้มั่น,รีบเข้าเกียร์ต่ำเพื่อชะลอความเร็ว,false,ค่อยๆ เหยียบแป้นคลัทช์,false,หมุนพวงมาลัยไปซ้ายบ้าง ขวาบ้าง,false,ลดความเร็วจับพวงมาลัยให้มั่น,true,,เทคนิคการขับรถอย่างปลอดภัย
"การจอดรถชิดขอบทาง ล้อหน้าควรอยู่ในลักษณะใด",การจอดรถชิดขอบทาง ล้อหน้าควรอยู่ในลักษณะตรงและขนานกับขอบทางหรือฟุตปาธ,หันเข้าหาขอบทาง,false,อยู่อย่างไรก็ได้,false,ตรงและขนานกับขอบทางหรือฟุตบาต,true,หันออกจากขอบทาง,false,,เทคนิคการขับรถอย่างปลอดภัย
"การเข้าเกียร์ถอยหลังขณะรถยังไม่หยุดนิ่งมีผลเสียอย่างไร",การเข้าเกียร์ถอยหลังขณะรถยังไม่หยุดนิ่ง มีผลเสียทำให้เข้าเกียร์ยากและทำให้เกียร์เสียเร็วกว่าปกติ,ไม่มีผลต่อส่วนใดของรถ,false,เข้าเกียร์ยากและทำให้เกียร์เสียเร็วกว่าปกติ,true,ทำให้น้ำมันเกียร์หมดเร็ว,false,เครื่องยนต์กินน้ำมันเครื่อง,false,,เทคนิคการขับรถอย่างปลอดภัย
"การขับรถถอยหลังควรใช้ความเร็วระดับใด",การขับรถถอยหลัง ให้ถอยอย่างช้าๆ ด้วยความระมัดระวัง,ถอยช้าๆ แล้วใช้ความระมัดระวัง,true,ถอยแบบไหนก็ได้,false,ถอยเหมือนกับเดินหน้า,false,ใช้ความเร็วตามสภาพของรถ,false,,เทคนิคการขับรถอย่างปลอดภัย
"ข้อใดเป็นการสตาร์ทเครื่องยนต์ที่ถูกต้อง",การสตาร์ทเครื่องยนต์ที่ถูกต้อง คือ ขึ้นเบรกมือ-ปลดเกียร์ว่าง-ปิดอุปกรณ์ไฟฟ้า-เหยียบคลัทช์-สตาร์ทเครื่องยนต์,ขึ้นเบรกมือ-ปลดเกียร์ว่าง -ปิดอุปกรณ์ไฟฟ้า-เหยียบคลัทช์-สตาร์ทเครื่องยนต์,true,ปลดเกียร์ว่าง-ขึ้นเบรกมือ-สตาร์ทเครื่องยนต์,false,เหยียบคลัทช์-สตาร์ทเครื่องยนต์,false,ปลดเบรกมือ-ปิดอุปกรณ์ไฟฟ้า-สตาร์ทเครื่องยนต์,false,,เทคนิคการขับรถอย่างปลอดภัย
"หากเกิดฝนตกหนักจนมองเห็นทางไม่ชัดเจน ผู้ขับขี่ควรปฏิบัติอย่างไร",หากเกิดฝนตกหนักจนมองเห็นทางไม่ชัดเจน ให้จอดรถบริเวณที่ปลอดภัย เปิดไฟหน้ารถและเปิดไฟฉุกเฉิน,จอดรถทันที,false,เปิดไฟหน้าเร่งความเร็วผ่านบริเวณที่ฝนตกหนัก,false,เร่งความเร็วให้ผ่านบริเวณที่ฝนตกโดยเร็ว,false,จอดรถบริเวณที่ปลอดภัย เปิดไฟหน้ารถและเปิดไฟฉุกเฉิน,true,,เทคนิคการขับรถอย่างปลอดภัย
"การจับพวงมาลัยขณะขับรถทางตรง มือขวาและซ้ายของผู้ขับขี่ ควรอยู่ในตำแหน่งลักษณะใดของหน้าปัดนาฬิกา",การจับพวงมาลัยขณะขับรถทางตรง มือขวาของผู้ขับขี่ควรอยู่ในตำแหน่งเลข 2 และมือซ้ายควรอยู่ในตำแหน่ง เลข 10 ของหน้าปัดนาฬิกา,ตำแหน่งเลข 2 และเลข 10,true,ตำแหน่งเลข 4 และเลข 10,false,ตำแหน่งเลข 3 และเลข 10,false,ตำแหน่งเลข 6 และเลข 10,false,,เทคนิคการขับรถอย่างปลอดภัย
"เมื่อขับรถในขณะฝนตก ท่านไม่ควรปฏิบัติอย่างไร",เมื่อขับรถในขณะฝนตก ท่านไม่ควรเปิดไฟฉุกเฉินตลอดทาง,เปิดที่ปัดน้ำฝน,false,เปิดไฟฉุกเฉินตลอดทาง,true,ขับด้วยความระมัดระวังมากขึ้น,false,ลดความเร็วของรถ,false,,เทคนิคการขับรถอย่างปลอดภัย
"จากรูป หากท่านต้องการที่จะขับตรงผ่านไป ท่านควรระมัดระวังและปฏิบัติอย่างไร",จากรูป หากท่านต้องการที่จะขับตรงผ่านไป ท่านควรลดความเร็วและเพิ่มความระมัดระวังทุกครั้งก่อนถึงทางแยก,ลดความเร็วและเพิ่มความระมัดระวังทุกครั้งก่อนถึงทางแยก,true,ระวังรถด้านซ้ายเพราะอยู่ใกล้ช่องทางของเรา,false,ระวังรถทางขวาเพียงอย่างเดียว และขับต่อไป,false,ขับด้วยความเร็วเท่าเดิม,false,1.8.2.jpg,เทคนิคการขับรถอย่างปลอดภัย
"จากรูป หากท่านต้องการที่จะขับตรงผ่านไป ท่านควรระมัดระวังและปฏิบัติอย่างไร",จากรูป หากท่านต้องการที่จะขับตรงผ่านไป ท่านควรชะลอรถและให้รถทางขวามือขับผ่านไปก่อน,ชะลอรถและให้รถทางขวามือขับผ่านไปก่อน,true,ขับรถต่อไปได้เลยเพราะเราคือทางเอก,false,ขับด้วยความเร็วเท่าเดิม,false,เร่งเครื่องยนต์เพื่อขับผ่านไปก่อน,false,1.8.3.jpg,เทคนิคการขับรถอย่างปลอดภัย
"จากรูป หากท่านต้องการที่จะเลี้ยวขวา ท่านควรระมัดระวังและปฏิบัติอย่างไร",จากรูป หากท่านต้องการที่จะเลี้ยวขวา ท่านควรชะลอรถเนื่องจากรถคันหน้าจะเลี้ยวซ้าย,หยุดรถให้ห่างเพื่อความปลอดภัย,false,ขับไปในช่องทางขวาเพื่อเลี้ยวได้เลย,false,เลี้ยวพร้อมกับรถคันหน้าได้ทันที,false,ชะลอรถเนื่องจากรถคันหน้าจะเลี้ยวซ้าย,true,1.8.4.jpg,เทคนิคการขับรถอย่างปลอดภัย
"จากรูป หากท่านพบเห็นสัญญาณจราจรเปลี่ยนเป็นสีเหลือง ท่านควรระมัดระวังและปฏิบัติอย่างไร",จากรูป หากท่านพบเห็นสัญญาณจราจรเปลี่ยนเป็นสีเหลือง ท่านควรค่อยๆ เหยียบเบรกย้ำๆ เพื่อเตือนรถข้างหลังระวังและเตรียมหยุด,เร่งความเร็วและขับผ่านไป,false,บีบแตรและขับผ่านไป,false,ค่อยๆ เหยียบเบรกย้ำๆ เพื่อเตือนรถข้างหลังระวังและเตรียมหยุด,true,เหยียบเบรกเพื่อหยุดรถทันที,false,1.8.5.jpg,เทคนิคการขับรถอย่างปลอดภัย
"จากรูป หากท่านต้องการที่จะเลี้ยวซ้าย ท่านควรระมัดระวังและปฏิบัติอย่างไร",จากรูป หากท่านต้องการที่จะเลี้ยวซ้าย ท่านควรลดความเร็ว และระมัดระวังรถด้านซ้าย รวมทั้งคนเดิมข้ามถนน,ลดความเร็ว และระมัดระวังรถด้านซ้าย รวมทั้งคนเดิมข้ามถนน,true,เลี้ยวซ้ายได้ทันที,false,เร่งความเร็วเพื่อให้สามารถเลี้ยวได้เร็ว,false,บีบแตรก่อนทำการเลี้ยวรถ,false,1.8.6.jpg,เทคนิคการขับรถอย่างปลอดภัย
"จากรูป หากท่านต้องการที่จะเลี้ยวซ้าย ท่านควรระมัดระวังและปฏิบัติอย่างไร",จากรูป หากท่านต้องการที่จะเลี้ยวซ้าย ท่านควรเปิดสัญญาณไฟเลี้ยว ชะลอรถ หยุดให้คนเดินถนนข้ามทางก่อ,ขับตามรถคันหน้าให้ชิดและทำการเลี้ยวทันที,false,เปิดสัญญาณไฟเลี้ยว ชะลอรถ หยุดให้คนเดินถนนข้ามทางก่อน,true,บีบแตรเพื่อให้คนเดินข้ามถนนด้วยความรวดเร็ว,false,เปิดสัญญาณไฟฉุกเฉินเพื่อเตือนรถด้านหลัง,false,1.8.7.jpg,เทคนิคการขับรถอย่างปลอดภัย
"จากรูป หากท่านต้องการที่จะเลี้ยวขวา ท่านควรระมัดระวังและปฏิบัติอย่างไร",จากรูป หากท่านต้องการที่จะเลี้ยวขวา ท่านควรหยุดรอในตำแหน่งที่จะเลี้ยวและให้รถด้านตรงข้ามผ่านไปก่อน,ควรเลี้ยวให้ทันเนื่องจากมีรถคันใหญ่ขวางรถฝั่งตรงข้าม,false,เร่งความเร็วเพื่อเลี้ยวขวาทันที,false,หยุดรอในตำแหน่งที่จะเลี้ยวและให้รถด้านตรงข้ามผ่านไปก่อน,true,ขับรถไปในช่องทางด้านขวาเพื่อทำการเลี้ยว,false,1.8.8.jpg,เทคนิคการขับรถอย่างปลอดภัย
"จากรูป หากท่านต้องการที่จะเลี้ยวขวา ท่านควรระมัดระวังและปฏิบัติอย่างไร",จากรูป หากท่านต้องการที่จะเลี้ยวขวา ท่านควรเปิดสัญญาณไฟเลี้ยว ชะลอรถ หยุดให้คนเดินถนนข้ามทางก่อน,เปิดสัญญาณไฟเลี้ยว ชะลอรถ หยุดให้คนเดินถนนข้ามทางก่อน,true,ขับตามรถคันหน้าให้ชิดและทำการเลี้ยวทันที,false,บีบแตรเพื่อให้คนเดินข้ามถนนด้วยความรวดเร็ว,false,ขับรถออกในช่องทางขวาเพื่อทำการเลี้ยว,false,1.8.9.jpg,เทคนิคการขับรถอย่างปลอดภัย
"จากรูป หากท่านต้องการขับตรงไป ท่านควรระมัดระวังและปฏิบัติอย่างไร",จากรูป หากท่านต้องการขับตรงไป ท่านควรลดความเร็วลง และให้ทางแก่รถที่เลี้ยวออกมา,บีบแตรเพื่อให้รถคันหน้าเร่งความเร็ว,false,ขับต่อไปด้วยความเร็วเท่าเดิม,false,ลดความเร็วลง และให้ทางแก่รถที่เลี้ยวออกมา,true,เปิดไฟฉุกเฉินและขับผ่านไปด้วยความรวดเร็ว,false,1.8.10.jpg,เทคนิคการขับรถอย่างปลอดภัย
"จากรูป รถคันใดอยู่ในจุดบอดของรถคันสีขาว",จากรูป รถคัน ค.อยู่ในจุดบอดของรถคันสีขาว,รถ ค.,true,รถ ก. และรถ ข.,false,รถ ข. และรถ ค.,false,รถ ก. และรถ ค.,false,1.8.11.jpg,เทคนิคการขับรถอย่างปลอดภัย
"ด้วยสาเหตุใด ผู้ขับขี่จะต้องหันหน้ามองไปทางด้านข้างก่อนทำการเปลี่ยนช่องจราจร",ผู้ขับขี่จะต้องหันหน้ามองไปทางด้านข้างก่อนทำการเปลี่ยนช่องจราจร เพื่อตรวจดูจุดบอดของรถด้านขวา,จะทำให้สามารถเปลี่ยนช่องจราจรได้รวดเร็วมากขึ้น,false,เพื่อตรวจดูจุดบอดของรถด้านขวา,true,เพื่อเปลี่ยนช่องจราจรในกรณีที่ไม่ต้องการเปิดสัญญาณไฟเลี้ยว,false,เพื่อให้สามารถเห็นผู้คนที่เดินอยู่บริเวณทางเดินเท้า,false,,เทคนิคการขับรถอย่างปลอดภัย
"ข้อใดคือความหมายที่ถูกต้องของจุดบอด",บริเวณที่คนขับไม่สามารถมองเห็นได้ชัดในขณะขับรถ คือความหมายที่ถูกต้องของจุดบอด,บริเวณด้านหลังของรถที่กระจกมองหลังจับภาพไม่ได้,false,บริเวณที่คนขับไม่สามารถมองเห็นได้ชัดในขณะขับรถ,true,บริเวณด้านหน้าของรถที่ผู้ขับขี่ไม่สามารถมองเห็นได้,false,บริเวณด้านซ้ายของรถที่ผู้ขับขี่ไม่สามารถมองเห็นได้,false,,เทคนิคการขับรถอย่างปลอดภัย
"ถ้าเครื่องดับขณะกำลังเคลื่อนที่ออกจากทางลาดชัน ท่านควรปฏิบัติอย่างไรเป็นลำดับแรก",ถ้าเครื่องดับขณะกำลังเคลื่อนที่ออกจากทางลาดชัน ท่านควรทำการเบรกทันทีเพื่อไม่ให้รถไหล,ทำการเบรกทันทีเพื่อไม่ให้รถไหล,true,เปลี่ยนไปเข้าเกียร์ว่าง,false,ติดเครื่องใหม่,false,เปิดไฟฉุกเฉิน,false,,เทคนิคการขับรถอย่างปลอดภัย
"การขับขี่ขึ้นหรือลงทางลาดชัน ควรใช้เกียร์ใด",การขับขี่ขึ้นหรือลงทางลาดชัน ควรใช้เกียร์ต่ำ,เกียร์ต่ำ,true,เกียร์สูง,false,เกียร์ว่าง,false,เกียร์ใดก็ได้,false,,เทคนิคการขับรถอย่างปลอดภัย
"ในการขับขี่ลงทางลาดชัน ผู้ขับขี่ควรใช้เกียร์ต่ำเนื่องจากสาเหตุใด",ในการขับขี่ลงทางลาดชัน ผู้ขับขี่ควรใช้เกียร์ต่ำเพื่อหน่วงความเร็วของรถ,เพื่อเพิ่มกำลังของรถ,false,เพื่อหน่วงความเร็วของรถ,true,เพื่อลดความร้อนของเครื่องยนต์,false,เพื่อเพิ่มความเร็วของรถ,false,,เทคนิคการขับรถอย่างปลอดภัย
"เพราะเหตุใดจึงไม่ควรใช้เบรกอย่างต่อเนื่องเป็นเวลานานในขณะขับขี่ลงทางลาดชัน",ไม่ควรใช้เบรกอย่างต่อเนื่องเป็นเวลานานในขณะขับขี่ลงทางลาดชันเพราะ จะทำให้ผ้าเบรกไหม้,จะทำให้เสียเวลาในการเดินทาง,false,จะทำให้เปลืองน้ำมัน,false,จะทำให้ผ้าเบรกไหม้,true,จะทำให้รถเคลื่อนตัวได้ช้า,false,,เทคนิคการขับรถอย่างปลอดภัย
"ในการขับขี่ลุยน้ำ ผู้ขับขี่ควรปฏิบัติอย่างไร",ในการขับขี่ลุยน้ำ ผู้ขับขี่ควรลดความเร็วลง แต่เร่งเครื่องยนต์ให้มากกว่าปกติเล็กน้อย,ลดความเร็วลง แต่เร่งเครื่องยนต์ให้มากกว่าปกติเล็กน้อย,true,เปิดไฟฉุกเฉิน,false,ขับรถด้วยความเร็วมากขึ้น,false,ขับรถด้วยความเร็วปกติ,false,,เทคนิคการขับรถอย่างปลอดภัย
"เหตุใดขณะขับรถลุยน้ำจึงต้องเร่งเครื่องยนต์มากกว่าปกติเล็กน้อย",ขณะขับรถลุยน้ำต้องเร่งเครื่องยนต์มากกว่าปกติเล็กน้อยเพื่อป้องกันไม่ให้เครื่องยนต์ดับ,เพื่อให้รถมีความเร็วคงที่,false,เพื่อให้เครื่องยนต์ร้อน,false,เพื่อให้รถมีความเร็วมากขึ้น,false,เพื่อป้องกันไม่ให้เครื่องยนต์ดับ,true,,เทคนิคการขับรถอย่างปลอดภัย
"ท่านควรปฏิบัติอย่างไรขณะขับรถผ่านบริเวณน้ำท่วม",ท่านควรขับช้าๆ ตามหลังรถคันหน้าในระยะห่างพอสมควรขณะขับรถผ่านบริเวณน้ำท่วม,ขับช้าๆ ตามหลังรถคันหน้าในระยะห่างพอสมควร,true,พยายามไม่ใช้เบรกโดยเด็ดขาด,false,พยายามขับจี้ท้ายรถคันหน้าตลอดเวลา,false,เปิดไฟฉุกเฉินตลอดเวลา,false,,เทคนิคการขับรถอย่างปลอดภัย
"หลังจากขับรถผ่านบริเวณน้ำท่วม ท่านควรทดสอบระบบใดต่อไปนี้",หลังจากขับรถผ่านบริเวณน้ำท่วม ท่านควรทดสอบระบบเบรก,ระบบสตาร์ทเครื่องยนต์,false,ระบบไฟฟ้า,false,ระบบเบรก,true,ระบบช่วงล่าง,false,,เทคนิคการขับรถอย่างปลอดภัย
"ข้อใดต่อไปนี้คือประโยชน์สูงสุดของการชะลอรถด้วยเครื่องยนต์ในขณะลงทางลาดชัน",ลงทางลาดชันด้วยความปลอดภัย คือประโยชน์สูงสุดของการชะลอรถด้วยเครื่องยนต์ในขณะลงทางลาดชัน,ลงทางลาดชันด้วยความปลอดภัย,true,ลดการสึกหรอของผ้าเบรก,false,ช่วยประหยัดน้ำมัน,false,เพิ่มการทรงตัวของรถ,false,,เทคนิคการขับรถอย่างปลอดภัย
"เพราะเหตุใดรถจึงลื่นไถลได้ง่ายขณะฝนตกใหม่ๆ",น้ำฝนจะกลายเป็นแผ่นฟิล์มรองรับระหว่างยางกับพื้นถนน จึงลื่นไถลได้ง่ายขณะฝนตกใหม่ๆ,น้ำฝนทำให้ถนนชำรุดเป็นหลุมเป็นบ่อ,false,น้ำฝนจะกลายเป็นแผ่นฟิล์มรองรับระหว่างยางกับพื้นถนน,true,ถนนคอนกรีตดูดซับน้ำฝนได้เป็นอย่างดี,false,พื้นถนนปรับอุณหภูมิเร็วเกินไป,false,,เทคนิคการขับรถอย่างปลอดภัย
"ข้อใดไม่ควรปฏิบัติเมื่อขับขี่ในขณะฝนตกหนัก",การขับรถเร็วและกระแทกเบรกรถอย่างรุนแรง ไม่ควรปฏิบัติเมื่อขับขี่ในขณะฝนตกหนัก,ขับรถเร็วและกระแทกเบรกรถอย่างรุนแรง,true,ขับด้วยความเร็วต่ำ,false,เปิดไฟหน้ารถ,false,หยุดรถรอบนถนน,false,,เทคนิคการขับรถอย่างปลอดภัย
"ข้อใดต่อไปนี้ปฏิบัติได้ถูกต้องสำหรับการขับขี่ในเวลากลางคืน",สำหรับการขับขี่ในเวลากลางคืนควรขับให้ช้ากว่าปกติหรือไม่เร็วกว่าสายตาที่มองเห็น,เปิดไฟสูงตลอดเวลาขณะขับขี่,false,ขับให้ช้ากว่าปกติหรือไม่เร็วกว่าสายตาที่มองเห็น,true,ขับให้เร็วได้ตามปกติ,false,เปิดไฟฉุกเฉินตลอดเวลาขณะขับขี่,false,,เทคนิคการขับรถอย่างปลอดภัย
"หลังจากเกิดอุบัติเหตุ ผู้ขับขี่ต้องปฏิบัติสิ่งใดเป็นอันดับแรก",หลังจากเกิดอุบัติเหตุ ผู้ขับขี่ต้องให้สัญญาณเพื่อเตือนให้รถอื่นทราบ,แจ้งกู้ภัย,false,แจ้งตำรวจ,false,แจ้งประกันภัยรถยนต์,false,ให้สัญญาณเพื่อเตือนให้รถอื่นทราบ,true,,เทคนิคการขับรถอย่างปลอดภัย
"หากมีผู้บาดเจ็บหลังจากเกิดอุบัติเหตุ ท่านควรปฏิบัติอย่างไรหากตัวท่านมิได้รับบาดเจ็บ",หากมีผู้บาดเจ็บหลังจากเกิดอุบัติเหตุ ท่านควรปฐมพยาบาลเบื้องต้นแล้วรีบนำส่งโรงพยาบาล,ปฐมพยาบาลเบื้องต้นแล้วรีบนำส่งโรงพยาบาล,true,ไม่ต้องสนใจหากผู้บาดเจ็บไม่ใช่คนที่ท่านรู้จัก,false,แจ้งตำรวจที่อยู่บริเวณใกล้เคียง,false,รีบแจ้งหน่วยกู้ภัยให้เร็วที่สุด,false,,เทคนิคการขับรถอย่างปลอดภัย
"ข้อใดถูกต้องเกี่ยวกับการขับขี่อย่างประหยัดน้ำมัน",รถจะประหยัดน้ำมันหากขับด้วยความเร็วคงที่,รถจะประหยัดน้ำมันมากขึ้นหากวิ่งด้วยความเร็วที่สูงขึ้น,false,รถจะประหยัดน้ำมันหากขับด้วยความเร็วคงที่,true,รถจะประหยัดน้ำมันมากขึ้นหากเร่งเครื่องบ่อยครั้ง,false,รถจะประหยัดน้ำมันมากขึ้นหากวิ่งด้วยความเร็วที่ไม่คงที่,false,,เทคนิคการขับรถอย่างปลอดภัย
"หากกำลังขับขี่รถอยู่บนถนน แล้วฝนเริ่มตก ผู้ขับขี่ควรปฏิบัติอย่างไร",หากกำลังขับขี่รถอยู่บนถนน แล้วฝนเริ่มตก ผู้ขับขี่ควรลดความเร็วของรถลง,ลดความเร็วของรถลง,true,เร่งความเร็วของรถเพื่อให้ผ่านฝนไปให้เร็ว,false,เปิดไฟฉุกเฉินและรีบขับผ่านบริเวณนั้นไป,false,หยุดรถข้างทางทันที,false,,เทคนิคการขับรถอย่างปลอดภัย
"เมื่อขับรถในเวลากลางคืน ผู้ขับขี่ควรปฏิบัติอย่างไร",เมื่อขับรถในเวลากลางคืน ผู้ขับขี่ควรทิ้งระยะห่างระหว่างรถคันหน้าให้มากกว่าปกติ,ทิ้งระยะห่างระหว่างรถคันหน้าให้มากกว่าปกติ,true,เปิดไฟฉุกเฉินขณะทำการแซงรถคันหน้า,false,พยายามขับรถเข้าไปให้ใกล้กับรถคันหน้าเพื่อให้รถคันหน้าเห็นรถเราได้ชัดเจน,false,ใช้ไฟสูงตลอดทางของการขับรถ,false,,เทคนิคการขับรถอย่างปลอดภัย
"ก่อนการขับรถเป็นระยะทางไกลๆ ผู้ขับขี่ควรปฏิบัติอย่างไร",ก่อนการขับรถเป็นระยะทางไกลๆ ผู้ขับขี่ควรพักผ่อนให้เพียงพอ,ดื่มเครื่องดื่มชูกำลังก่อนการเดินทาง,false,พักผ่อนให้เพียงพอ,true,รับประทานอาหารก่อนการเดินทาง,false,หาเพื่อนนั่งไปด้วยขณะเดินทาง,false,,เทคนิคการขับรถอย่างปลอดภัย
"จากสถานการณ์ดังรูป หากต้องการจะเคลื่อนที่ต่อไป ผู้ขับขี่ควรปฏิบัติอย่างไรเป็นลำดับแรก",จากสถานการณ์ดังรูป หากต้องการจะเคลื่อนที่ต่อไป ผู้ขับขี่ควรตรวจสอบความปลอดภัยทางด้านขวา,เปิดสัญญาณไฟ,false,ตรวจสอบความปลอดภัยทางด้านขวา,true,บีบแตรให้สัญญาณ,false,ลดกระจกแล้วโบกมือขอทาง,false,1.8.32.jpg,เทคนิคการขับรถอย่างปลอดภัย
"เมื่อต้องขับรถเข้าใกล้ทางรถไฟที่ไม่มีแผงกั้น ข้อใดต่อไปนี้กล่าวถูกต้อง",เมื่อต้องขับรถเข้าใกล้ทางรถไฟที่ไม่มีแผงกั้น ต้องชะลอรถและควรเตรียมพร้อมที่จะหยุดรถตลอดเวลา,ชะลอรถและควรเตรียมพร้อมที่จะหยุดรถตลอดเวลา,true,เพิ่มความเร็วเพื่อให้ผ่านไปได้เร็ว,false,บีบแตรเตือนเพื่อความปลอดภัย,false,เปิดกระจกเพื่อฟังเสียงสัญญาณเตือนรถไฟ,false,1.8.33.jpg,เทคนิคการขับรถอย่างปลอดภัย
"เมื่อขับผ่านทางที่มีป้ายเตือนว่า “ระวังทางข้างหน้าหินหล่นทับเส้นทางบ่อย” หรือป้ายเตือนดังในรูป ท่านควรปฏิบัติอย่างไร",เมื่อขับผ่านทางที่มีป้ายเตือนว่า “ระวังทางข้างหน้าหินหล่นทับเส้นทางบ่อย” หรือป้ายเตือนดังในรูป ท่านควรชะลอความเร็วลง ขับขี่ด้วยความระมัดระวังมากขึ้น,ชะลอความเร็วลง ขับขี่ด้วยความระมัดระวังมากขึ้น,true,รีบเร่งความเร็วเพื่อผ่านไปอย่างรวดเร็ว,false,ไม่ต้องทำอะไร เพราะโอกาสที่จะเกิดยาก,false,หลีกเลี่ยงไปใช้เส้นทางอื่น,false,1.8.34.jpg,เทคนิคการขับรถอย่างปลอดภัย
"เมื่อพบว่าไฟไหม้เครื่องยนต์ขณะขับรถ ผู้ขับรถควรปฏิบัติอย่างไร",เมื่อพบว่าไฟไหม้เครื่องยนต์ขณะขับรถ ผู้ขับรถควรตั้งสติ ค่อยๆ ขับรถจอดข้างทาง,ขับรถลงแม่น้ำข้างทาง,false,จอดและสละรถทันที,false,ตั้งสติ ค่อยๆ ขับรถจอดข้างทาง,true,แจ้งกู้ภัยทางหลวง,false,,เทคนิคการขับรถอย่างปลอดภัย
"สิ่งใดต่อไปนี้มีผลทำให้รถเปลืองน้ำมัน",การบรรทุกน้ำหนักเกินกว่าที่กำหนด ทำให้รถเปลืองน้ำมัน,ดอกยางสึกหรอ,false,ขับรถด้วยความเร็วคงที่,false,ระยะการปรับเบรกปกติ,false,บรรทุกน้ำหนักเกินกว่าที่กำหนด,true,,เทคนิคการขับรถอย่างปลอดภัย
"ปัจจัยใดต่อไปนี้มีผลต่อการเกิดสถานการณ์อันตรายมากที่สุด",ความไม่พร้อมของคนขับมีผลต่อการเกิดสถานการณ์อันตรายมากที่สุด,ความไม่พร้อมของคนขับ,true,ลักษณะทางภูมิศาสตร์,false,การเคลื่อนที่ของรถ หรือคนเดินเท้า,false,สภาพผิวจราจร,false,,เทคนิคการขับรถอย่างปลอดภัย
"ข้อใดกล่าวถูกต้องเกี่ยวกับการขับรถอย่างปลอดภัย",การเว้นระยะห่างจากรถคันหน้าในขณะฝนตกควรมากกว่าการขับรถในสภาวะปกติ เป็นการขับรถอย่างปลอดภัย,หากง่วงนอนมากควรขับรถด้วยความเร็วสูง เพื่อให้ตื่นตัว,false,การเว้นระยะห่างจากรถคันหน้าในขณะฝนตกควรมากกว่าการขับรถในสภาวะปกติ,true,ไม่จำเป็นต้องตรวจสภาพรถก่อนออกเดินทาง,false,ควรขับรถด้วยความเร็ว 120 กิโลเมตรต่อชั่วโมง เพื่อถึงที่หมายเร็วขึ้น,false,,เทคนิคการขับรถอย่างปลอดภัย
"จากรูป หากท่านต้องการแซงรถข้างหน้าแล้วกลับช่องทางเดินรถด้านซ้าย ท่านจะต้องให้สัญญาณไฟอย่างไร",จากรูป หากท่านต้องการแซงรถข้างหน้าแล้วกลับช่องทางเดินรถด้านซ้าย ท่านจะต้องตรวจสอบความปลอดภัยแล้วเปิดสัญญาณไฟเลี้ยวขวาก่อนแซง,ตรวจสอบความปลอดภัยแล้วเปิดสัญญาณไฟเลี้ยวขวาก่อนแซง,true,เปิดสัญญาณไฟเลี้ยวซ้ายขณะแซง,false,เปิดสัญญาณไฟเลี้ยวขวาก่อนและตามด้วยสัญญาณไฟเลี้ยวซ้ายขณะแซง,false,ไม่จำเป็นต้องเปิดสัญญาณไฟหากรถคันหน้าขับด้วยความเร็วต่ำ,false,1.8.39.jpg,เทคนิคการขับรถอย่างปลอดภัย
"สถานการณ์ใดใช้ไฟฉุกเฉินได้อย่างเหมาะสม",เปิดไฟฉุกเฉินเมื่อรถจอดเสียอยู่บริเวณไหล่ทาง เป็นการใช้ไฟฉุกเฉินได้อย่างเหมาะสม,เปิดไฟฉุกเฉินในขณะที่หมอกลงจัด,false,เปิดไฟฉุกเฉินเมื่อกำลังจะเลี้ยวซ้ายบริเวณทางแยกที่ไม่มีสัญญาณไฟจราจร,false,เปิดไฟฉุกเฉินเพื่อให้ผู้ขับขี่ท่านอื่นทราบว่าตนจะวิ่งตรงไป,false,เปิดไฟฉุกเฉินเมื่อรถจอดเสียอยู่บริเวณไหล่ทาง,true,,เทคนิคการขับรถอย่างปลอดภัย
"รถที่ขับมาด้วยความเร็วสูงแล้วเหยียบเบรกกะทันหัน (รถที่ไม่มีระบบเบรก ABS) จะมีผลอย่างไร",รถที่ขับมาด้วยความเร็วสูงแล้วเหยียบเบรกกะทันหัน (รถที่ไม่มีระบบเบรก ABS) จะมีผลทำให้ล้อจะล็อกและรถอาจจะหมุน,จะหยุดรถได้ตามระยะที่กำหนด,false,รถจะค่อยๆ ชะลอความเร็วลง,false,ล้อจะล็อกและรถอาจจะหมุน,true,ล้อจะล็อกและรถจะหยุดทันที,false,,เทคนิคการขับรถอย่างปลอดภัย
"การหยุดรถอย่างกะทันหัน (รถที่ไม่มีระบบเบรก ABS) ควรปฏิบัติอย่างไร",การหยุดรถอย่างกะทันหัน (รถที่ไม่มีระบบเบรก ABS) ควรเหยียบเบรกสลับกับปล่อยเบรกเป็นจังหวะ,เหยียบเบรกสลับกับปล่อยเบรกเป็นจังหวะ,true,เหยียบเบรกแรงๆ,false,เหยียบเบรกเท้าสลับกับดึงเบรกมือ,false,เหยียบเบรกเท้าและดึงเบรกมือพร้อมกัน,false,,เทคนิคการขับรถอย่างปลอดภัย
"ข้อใดปฏิบัติไม่ถูกต้องในการเบรกฉุกเฉิน",ใช้เบรกมือช่วยเป็นการหยุดรถที่ไม่ถูกต้องในการเบรกฉุกเฉิน,หักพวงมาลัยหลบเมื่อจำเป็นต้องหลบการปะทะด้านหน้า,false,มือทั้งสองข้างต้องจับอยู่ที่พวงมาลัย,false,ใช้เบรกมือช่วย,true,หลีกเลี่ยงการเหยียบกระแทกเบรกสำหรับเบรกที่ไม่ใช่ระบบเบรก ABS,false,,เทคนิคการขับรถอย่างปลอดภัย
"การจอดรถลักษณะใดที่อาจก่อให้เกิดอุบัติเหตุ",การจอดรถซ้อนคัน เป็นการจอดรถลักษณะที่อาจก่อให้เกิดอุบัติเหตุ,จอดรถซ้อนคัน,true,จอดรถชิดขอบทางด้านซ้าย,false,จอดรถในลานจอดรถ,false,จอดรถภายในอาคารจอดรถ,false,,เทคนิคการขับรถอย่างปลอดภัย
"รูปใดต่อไปนี้ ห้ามจอด",ห้ามจอดตามรูป 2. และรูป 3.,รูป 1. และรูป 2.,false,รูป 2. และรูป 3.,true,รูป 1. และรูป 3.,false,ทั้งรูป 1. 2. และ 3.,false,1.8.45.1.jpg,เทคนิคการขับรถอย่างปลอดภัย
"หากท่านจอดรถชิดขอบทางทางด้านซ้ายอยู่ และต้องการที่จะเคลื่อนตัวออก ท่านควรปฏิบัติอย่างไร",หากท่านจอดรถชิดขอบทางทางด้านซ้ายอยู่ และต้องการที่จะเคลื่อนตัวออก ท่านควรมองดูรถที่ตามมาผ่านกระจกมองข้างและกระจกมองหลัง จากนั้นเปิดสัญญาณไฟเลี้ยวขวา,มองดูรถที่ตามมาผ่านกระจกมองข้างและกระจกมองหลัง จากนั้นเปิดสัญญาณไฟเลี้ยวขวา,true,เปิดสัญญาณไฟเพื่อเตือนให้รถคันที่ตามมาชะลอความเร็วลง,false,ไม่จำเป็นต้องหันมองดูรถที่จอดอยู่ข้างหน้า มองแค่รถที่ตามมาก็พอ,false,ให้สัญญาณมือเพื่อขอทาง,false,,เทคนิคการขับรถอย่างปลอดภัย
"เมื่อฝนเริ่มตกหนักในขณะที่ท่านขับรถอยู่ในเขตที่จำกัดความเร็วไม่เกิน 60 กิโลเมตรต่อชั่วโมง ท่านควรปฏิบัติอย่างไร",เมื่อฝนเริ่มตกหนักในขณะที่ท่านขับรถอยู่ในเขตที่จำกัดความเร็วไม่เกิน 60 กิโลเมตรต่อชั่วโมง ท่านควรชะลอความเร็วลง,ขับด้วยความเร็วเท่าเดิม,false,ชะลอความเร็วลง,true,ขับรถเข้าข้างทางและรอจนกว่าฝนจะหยุดตก,false,เร่งความเร็ว,false,,เทคนิคการขับรถอย่างปลอดภัย
"สาเหตุใดต่อไปนี้เป็นสาเหตุหลักที่ทำให้เกิดการชนท้าย",การขับรถชิดคันหน้ามากเกินไป สาเหตุใดต่อไปนี้เป็นสาเหตุหลักที่ทำให้เกิดการชนท้าย,คนข้ามถนนตัดหน้า,false,สัญญาณไฟจราจรเปลี่ยนแปลงโดยฉับพลัน,false,ขับรถชิดคันหน้ามากเกินไป,true,การหยุดรถทุกๆ แยก,false,,เทคนิคการขับรถอย่างปลอดภัย
"การขับรถทิ้งระยะห่างจากรถคันหน้ามากเกินไป จะเกิดผลเสียอย่างไรกับสภาพการจราจร",การขับรถทิ้งระยะห่างจากรถคันหน้ามากเกินไป จะเกิดปัญหาการจราจรติดขัด,การจราจรคล่องตัวมากขึ้น,false,จะขับรถด้วยความปลอดภัยมากขึ้น,false,ลดอุบัติเหตุ,false,เกิดปัญหาการจราจรติดขัด,true,,เทคนิคการขับรถอย่างปลอดภัย
"เพื่อเป็นการป้องกันอุบัติเหตุ ผู้ขับขี่ต้องทิ้งระยะห่างจากรถคันหน้าเป็นระยะเท่าใด",เพื่อเป็นการป้องกันอุบัติเหตุ ผู้ขับขี่ต้องทิ้งระยะห่างให้เหมาะสมกับความเร็วของรถ,ระยะห่างที่เหมาะสมกับความเร็วของรถ,true,2 เมตร,false,3 เมตร,false,ไม่น้อยกว่า 4 เมตร,false,,เทคนิคการขับรถอย่างปลอดภัย
"ข้อใดต่อไปนี้ไม่ถูกต้องในการขับขี่",เมื่อรถคันหลังขับตามมาในระยะกระชั้นชิด ควรเพิ่มความเร็ว เป็นการขับขี่ที่ไม่ถูกต้อง,เมื่อรถคันหลังขับตามมาในระยะกระชั้นชิด ควรเพิ่มความเร็ว,true,น้ำหนักและความเร็วของตัวรถมีผลต่อระยะทางในการหยุดรถ,false,ระยะปลอดภัยของรถใหญ่จะต้องมีมากกว่าระยะปลอดภัยของรถยนต์,false,เมื่อระยะห่างกับรถคันหน้าน้อยเกินไป ควรลดความเร็ว,false,,เทคนิคการขับรถอย่างปลอดภัย
"การเปลี่ยนช่องทางจราจร ควรปฏิบัติอย่างไร",การเปลี่ยนช่องทางจราจร ควรมองกระจกข้าง ให้สัญญาณแล้วเปลี่ยนช่องจราจรเมื่อเห็นว่าปลอดภัย,เปลี่ยนช่องจราจรเมื่อใดก็ได้,false,มองกระจกข้าง ให้สัญญาณแล้วเปลี่ยนช่องจราจรเมื่อเห็นว่าปลอดภัย,true,เปลี่ยนช่องจราจรโดยเร็วเพื่อหลบรถคันอื่น,false,ให้สัญญาณมือและสัญญาณไฟแล้วเปลี่ยนช่องจราจรได้เลย,false,,เทคนิคการขับรถอย่างปลอดภัย
"หากท่านเห็นรถบรรทุกที่อยู่ข้างหน้าเปิดไฟเลี้ยวซ้ายแต่กำลังเคลื่อนไปทางขวา ท่านควรปฏิบัติอย่างไร",หากท่านเห็นรถบรรทุกที่อยู่ข้างหน้าเปิดไฟเลี้ยวซ้ายแต่กำลังเคลื่อนไปทางขวา ท่านควรรักษาระยะห่างไว้และรอให้รถใหญ่เคลื่อนไปในทิศทางที่แน่นอน,รักษาระยะห่างไว้และรอให้รถใหญ่เคลื่อนไปในทิศทางที่แน่นอน,true,ขับเข้าไปใกล้ๆ เพื่อเตรียมแซง,false,ให้เข้าใจว่าผู้ขับขี่รถใหญ่นั้นเปิดสัญญาณไฟผิด,false,เตรียมแซงเมื่อรถใหญ่เริ่มชะลอความเร็ว,false,1.8.53.1.jpg,เทคนิคการขับรถอย่างปลอดภัย
"จากรูป รถคันสีน้ำเงิน หรือรถคันสีเขียว มีสิทธิที่จะได้ไปก่อน",จากรูป รถคันสีเขียว มีสิทธิที่จะได้ไปก่อน,รถคันสีน้ำเงิน,false,รถคันสีเขียว,true,รถคันไหนไปก่อนก็ได้,false,มีสิทธิที่จะไปพร้อมๆ กัน,false,1.8.54.1.jpg,เทคนิคการขับรถอย่างปลอดภัย
"กรณีที่ท่านเห็นรถคันอื่นให้สัญญาณเพื่อเลี้ยวรถหรือเปลี่ยนช่องทางการเดินรถ ท่านต้องปฏิบัติอย่างไร",กรณีที่ท่านเห็นรถคันอื่นให้สัญญาณเพื่อเลี้ยวรถหรือเปลี่ยนช่องทางการเดินรถ ท่านต้องชะลอความเร็วและให้ทาง,ชะลอความเร็วและให้ทาง,true,เร่งความเร็วเพื่อจะไปก่อน,false,หยุดรถ,false,จอดรถ,false,,เทคนิคการขับรถอย่างปลอดภัย
"จากรูป รถคันใดจะต้องให้ทาง",จากรูป รถคันสีขาวจะต้องให้ทาง,รถคันสีขาว,true,รถคันสีแดง,false,รถที่มีความเร็วสูงกว่า,false,รถที่มีความเร็วต่ำกว่า,false,1.8.56.1.jpg,เทคนิคการขับรถอย่างปลอดภัย
"รูปใดแสดงการกลับรถที่ถูกต้อง",รูป 3.แสดงการกลับรถที่ถูกต้อง,รูป 1.,false,รูป 2.,false,รูป 3.,true,รูป 1. และ รูป 3.,false,1.8.57.1.jpg,เทคนิคการขับรถอย่างปลอดภัย
"ข้อใดต่อไปนี้เป็นการปฏิบัติที่ไม่ถูกต้อง",การแซงขณะที่รถข้างหลังกำลังจะแซงรถของท่านเป็นการปฏิบัติที่ไม่ถูกต้อง,ไม่แซงหากรถคันหน้ากำลังแซงอยู่,false,แซงขณะที่รถข้างหลังกำลังจะแซงรถของท่าน,true,ไม่แซงหากมีรถวิ่งสวนมาในระยะใกล้,false,แซงได้หากรถข้างหน้าของท่านเปิดไฟเลี้ยวซ้ายและชะลอความเร็วลง,false,,เทคนิคการขับรถอย่างปลอดภัย
"จากรูป หากรถที่ท่านกำลังจะแซงเปิดสัญญาณไฟเลี้ยวขวา ผู้ขับขี่ควรปฏิบัติอย่างไร",จากรูป หากรถที่ท่านกำลังจะแซงเปิดสัญญาณไฟเลี้ยวขวา ผู้ขับขี่ควรชะลอความเร็วและรอจนกว่ารถคันหน้าเลี้ยวผ่านไป,ชะลอความเร็วและรอจนกว่ารถคันหน้าเลี้ยวผ่านไป,true,เพิ่มความเร็วของรถและแซงผ่านไป,false,ให้สัญญาณไฟสูงเพื่อบอกให้รู้ว่าจะแซงผ่านไปก่อน,false,ให้สัญญาณแตรเพื่อบอกให้รู้ว่าจะแซงผ่านไปก่อน,false,1.8.59.jpg,เทคนิคการขับรถอย่างปลอดภัย
"ข้อใดต่อไปนี้กล่าวได้ถูกต้องเกี่ยวกับการแซงรถคันหน้าที่เคลื่อนตัวด้วยความเร็วที่ใกล้เคียงกัน",การแซงรถคันหน้าที่เคลื่อนตัวด้วยความเร็วที่ใกล้เคียงกันอย่างถูกต้อง ควรใช้ระยะทางและเวลาในการแซงมากขึ้น,ใช้ระยะทางและเวลาในการแซงน้อยลง,false,ใช้ระยะทางมากขึ้น เวลาในการแซงเท่าเดิม,false,ใช้ระยะทางเท่าเดิม เวลาในการแซงมากขึ้น,false,ใช้ระยะทางและเวลาในการแซงมากขึ้น,true,,เทคนิคการขับรถอย่างปลอดภัย
"ข้อใดเป็นการขับรถอย่างปลอดภัย",การเว้นระยะห่างจากรถคันหน้าในระยะที่ผู้ขับขี่สามารถหยุดรถได้ทัน เป็นการขับรถอย่างปลอดภัย,แซงรถคันข้างหน้าในขณะเข้าโค้ง,false,เว้นระยะห่างจากรถคันหน้าในระยะที่ผู้ขับขี่สามารถหยุดรถได้ทัน,true,แซงด้านซ้ายในถนน 2 ช่องจราจร เมื่อรถคันหน้าขับช้า,false,เปิดไฟสูงตลอดเวลาในการขับรถเวลากลางคืน,false,,เทคนิคการขับรถอย่างปลอดภัย
"หากท่านขับรถด้วยความเร็ว 90 กิโลเมตรต่อชั่วโมงแต่ท่านรู้สึกว่าเร็วเกินไป ท่านควรปฏิบัติอย่างไร",หากท่านขับรถด้วยความเร็ว 90 กิโลเมตรต่อชั่วโมงแต่ท่านรู้สึกว่าเร็วเกินไป ท่านควรชะลอความเร็วลงจนท่านคิดว่าปลอดภัย,ชะลอความเร็วลงจนท่านคิดว่าปลอดภัย,true,ขับให้ใกล้เคียง 100 กม.ต่อชั่วโมง,false,ออกจากเส้นทางนั้น,false,หยุดรถของท่านทันที,false,,เทคนิคการขับรถอย่างปลอดภัย
"การขับขี่ในทางลักษณะใดที่ไม่จำเป็นต้องให้สัญญาณไฟเลี้ยว",การเลี้ยวรถที่ทางบังคับเลี้ยว เป็นการขับขี่ในทางลักษณะที่ไม่จำเป็นต้องให้สัญญาณไฟเลี้ยว,ทางเลี้ยวซ้ายเข้าซอย,false,ทางบังคับเลี้ยว,true,ทางเลี้ยวซ้ายออกจากซอย,false,ทางกลับรถ,false,,เทคนิคการขับรถอย่างปลอดภัย
"การเปิดไฟสูงในสถานการณ์ใดถูกต้อง",เปิดไฟสูงขณะที่ไม่มีรถสวนทาง เป็นการเปิดไฟสูงในสถานการณ์ที่ถูกต้อง,เปิดไฟสูงขณะที่ไม่มีรถสวนทาง,true,เปิดไฟสูงขณะฝนตกหนัก,false,เปิดไฟสูงเมื่อรถเกิดอุบัติเหตุ,false,เปิดไฟสูงเมื่อขับรถตามหลังคันหน้า,false,,เทคนิคการขับรถอย่างปลอดภัย
"เมื่อรถของท่านเสียบริเวณกลางถนน ท่านควรปฏิบัติอย่างไร",เมื่อรถของท่านเสียบริเวณกลางถนน ท่านควรเปิดไฟฉุกเฉินและนำรถจอดเข้าข้างทาง,นำสัญลักษณ์รูปสามเหลี่ยมมาไว้ท้ายรถของท่าน,false,จอดรถทิ้งไว้กลางถนน,false,เปิดไฟฉุกเฉินและนำรถจอดเข้าข้างทาง,true,ก่อกองไฟข้างทางในกรณีที่รถท่านเสียเวลากลางคืน,false,,เทคนิคการขับรถอย่างปลอดภัย
"ท่านควรใช้สัญญาณไฟฉุกเฉินในกรณีใด",เมื่อรถของท่านเสียท่านควรใช้สัญญาณไฟฉุกเฉิน,เมื่อรถของท่านเสีย,true,เมื่อท่านขับรถด้วยความเร็วต่ำขณะที่กำลังหลงทาง,false,เมื่อท่านขับรถด้วยความเร็วต่ำเนื่องจากฝนตกหนัก,false,เมื่อท่านต้องการขับผ่านสี่แยกไปในทิศทางตรง,false,,เทคนิคการขับรถอย่างปลอดภัย
"ข้อใดต่อไปนี้กล่าวไม่ถูกต้องสำหรับการเปิดสัญญาณไฟฉุกเฉินตลอดเวลา",การเปิดสัญญาณไฟฉุกเฉินตลอดเวลาเพื่อทำให้ผู้ขับขี่คันอื่นเข้าใจว่าเป็นรถที่ขับเร็ว เป็นการกล่าวที่ไม่ถูกต้อง,ทำให้ไม่สามารถส่งสัญญาณไฟเลี้ยวได้,false,ทำให้ผู้ขับขี่คันอื่นเข้าใจว่าเป็นรถที่ขับเร็ว,true,ทำให้ผู้ขับขี่คันอื่นสับสนว่ารถคันที่เปิดไฟฉุกเฉินกำลังเลี้ยวไปด้านใดด้านหนึ่ง,false,ทำให้ผู้ขับขี่คันอื่นคิดว่าเป็นรถที่จอดนิ่งอยู่,false,,เทคนิคการขับรถอย่างปลอดภัย
"การหยุดรถในสถานการณ์ใดจะใช้ระยะทางมากกว่าปกติ",การหยุดรถในขณะฝนตกจะใช้ระยะทางมากกว่าปกติ,ขณะฝนตก,true,ตอนกลางคืน,false,ขณะที่มีลมแรง,false,ขณะมีหมอก,false,,เทคนิคการขับรถอย่างปลอดภัย
"สิ่งใดเป็นปัจจัยที่ทำให้การเบรกด้อยประสิทธิภาพ",การดื่มสุราก่อนขับรถเป็นปัจจัยที่ทำให้การเบรกด้อยประสิทธิภาพ,การดูแลเอาใจใส่สภาพเครื่องยนต์และระบบช่วงล่าง,false,ความว่องไวในการตอบสนองของร่างกายดีเยี่ยม,false,การดื่มสุราก่อนขับรถ,true,การดูแลเอาใจใส่ลมยาง,false,,เทคนิคการขับรถอย่างปลอดภัย
"หากท่านจอดรถในทางเดินรถหรือบนไหล่ทางในเวลากลางคืน ท่านต้องปฏิบัติอย่างไร",หากท่านจอดรถในทางเดินรถหรือบนไหล่ทางในเวลากลางคืน ท่านต้องเปิดไฟหรี่,เปิดไฟหรี่,true,เปิดไฟเลี้ยวซ้าย,false,เปิดไฟเลี้ยวขวา,false,เปิดไฟต่ำ,false,,เทคนิคการขับรถอย่างปลอดภัย
"จากรูป เมื่อท่านพบรถประจำทางเปิดไฟเลี้ยวขวาเพื่อออกจากป้ายรถเมล์ ท่านควรปฏิบัติอย่างไร",จากรูป เมื่อท่านพบรถประจำทางเปิดไฟเลี้ยวขวาเพื่อออกจากป้ายรถเมล์ ท่านควรชะลอความเร็วและให้รถประจำทางไปก่อน,ไม่ต้องสนใจและขับแซงรถประจำทางไปในทันที,false,ชะลอความเร็วและให้รถประจำทางไปก่อน,true,บีบแตรหรือกะพริบไฟสูง,false,เปิดสัญญาณไฟฉุกเฉิน เพื่อบอกให้รถประจำทางไปก่อน,false,1.8.71.1.jpg,เทคนิคการขับรถอย่างปลอดภัย
"จากรูป หากท่านต้องการแซงบนถนนที่มีรถวิ่งสวนมา ท่านต้องปฏิบัติอย่างไร",จากรูป หากท่านต้องการแซงบนถนนที่มีรถวิ่งสวนมา ท่านต้องหยุดรอให้รถที่ขับสวนมาผ่านไปก่อนแล้วค่อยขับ,ขับแซงไปได้เลยโดยไม่ต้องสนใจรถที่สวนมา,false,หากท่านคิดว่าท่านขับได้เร็วกว่ารถที่สวนมาแล้ว จึงทำการแซงได้ทันที,false,หยุดรอให้รถที่ขับสวนมาผ่านไปก่อนแล้วค่อยขับแซง,true,หากคิดว่าถนนมีความกว้างพอจึงแซงไปได้เลย,false,1.8.72.1.jpg,เทคนิคการขับรถอย่างปลอดภัย
"ท่านกำลังขับขี่ผ่านบริเวณที่มีรถจอดอยู่ข้างทาง แต่ท่านสังเกตเห็นลูกบอลกลิ้งออกมา ท่านควรปฏิบัติอย่างใด",ท่านกำลังขับขี่ผ่านบริเวณที่มีรถจอดอยู่ข้างทาง แต่ท่านสังเกตเห็นลูกบอลกลิ้งออกมา ท่านควรลดความเร็วลงและเตรียมที่จะหยุดรถ,ขับรถด้วยความเร็วเท่าเดิมและให้สัญญาณไฟสูง,false,ขับรถด้วยความเร็วเท่าเดิมและให้สัญญาณแตร,false,ลดความเร็วลงและเตรียมที่จะหยุดรถ,true,จอดรถและโบกมือให้เด็กไปเก็บลูกบอล,false,1.8.73.jpg,เทคนิคการขับรถอย่างปลอดภัย
"จากรูป ข้อใดต่อไปนี้ถูกต้องเกี่ยวกับการแซง",จากรูป สิ่งที่ถูกต้องเกี่ยวกับการแซง คือรถคันหลังไม่สามารถแซงคันหน้าได้,รถคันหลังไม่สามารถแซงคันหน้าได้,true,รถคันหลังสามารถแซงได้หากไม่มีคนข้ามถนน,false,รถคันหลังสามารถแซงได้หากไม่มีรถสวนมา,false,รถคันหลังสามารถแซงได้หากไม่มีป้ายหยุดบนขอบทาง,false,1.8.74.jpg,เทคนิคการขับรถอย่างปลอดภัย
"เมื่อท่านขับรถเข้าใกล้รถที่จอดอยู่ข้างทาง ท่านควรปฏิบัติอย่างไรจึงจะเหมาะสมที่สุด",เมื่อท่านขับรถเข้าใกล้รถที่จอดอยู่ข้างทาง ท่านควรเพิ่มความระมัดระวังมากขึ้น เตรียมพร้อมที่จะหยุดเสมอ,ขับต่อไปโดยไม่ต้องระวังสิ่งใด,false,เร่งความเร็วผ่านไปทันที,false,ให้สัญญาณไฟสูงเพียงอย่างเดียวก็เพียงพอ,false,เพิ่มความระมัดระวังมากขึ้น เตรียมพร้อมที่จะหยุดเสมอ,true,,เทคนิคการขับรถอย่างปลอดภัย
"เมื่อท่านขับรถเข้าใกล้รถที่จอดอยู่ข้างทาง ท่านควรปฏิบัติอย่างไรจึงจะเหมาะสมที่สุด",เมื่อท่านขับรถเข้าใกล้รถที่จอดอยู่ข้างทาง ท่านควรเพิ่มความระมัดระวังมากขึ้น เตรียมพร้อมที่จะหยุดเสมอ,เร่งความเร็วผ่านไปทันที,false,เพิ่มความระมัดระวังมากขึ้น เตรียมพร้อมที่จะหยุดเสมอ,false,ให้สัญญาณไฟสูงเพียงอย่างเดียวก็เพียงพอ,false,ขับต่อไปโดยไม่ต้องระวังสิ่งใด,true,,เทคนิคการขับรถอย่างปลอดภัย
"ในการขับขี่ท่านควรหลีกเลี่ยงพฤติกรรมใดมากที่สุด",ในการขับขี่ท่านควรหลีกเลี่ยงการขับขี่เร็วเกินอัตราที่กฎหมายกำหนด,ขับขี่เร็วเกินอัตราที่กฎหมายกำหนด,true,เปลี่ยนช่องจราจร,false,ขับขี่ด้วยความเร็วคงที่,false,แซงรถคันอื่น เมื่อเห็นว่าปลอดภัย,false,,เทคนิคการขับรถอย่างปลอดภัย
"เมื่อท่านขับรถผ่านถนนที่มีน้ำท่วมขังแล้ว ท่านควรปฏิบัติอย่างไร",เมื่อท่านขับรถผ่านถนนที่มีน้ำท่วมขังแล้ว ท่านควรใช้เท้าแตะเบรกเพื่อให้ผ้าเบรกแห้งเร็ว,หยุดรถ รอผ้าเบรกให้แห้ง,false,หยุดรถ ตรวจสอบยาง,false,ใช้เท้าแตะเบรกเพื่อให้ผ้าเบรกแห้งเร็ว,true,ขับรถให้เร็วขึ้นเพื่อให้ผ้าเบรกแห้ง,false,,เทคนิคการขับรถอย่างปลอดภัย
"การขับขี่ผ่านทางร่วมทางแยกต้องปฏิบัติอย่างไร",การขับขี่ผ่านทางร่วมทางแยกต้องปฏิบัติตามสัญญาณไฟจราจรหรือกฎจราจรอย่างเคร่งครัด,หากไม่มีสัญญาณไฟจราจร ให้รถคันที่ใหญ่กว่าผ่านทางร่วมทางแยกไปก่อน,false,เมื่อพบป้ายเตือนทางร่วมทางแยกให้ขับรถไปตามปกติ,false,เมื่อพบป้ายเตือนสัญญาณไฟบริเวณทางร่วมทางแยกให้เพิ่มความเร็วขึ้นเล็กน้อย,false,ปฏิบัติตามสัญญาณไฟจราจรหรือกฎจราจรอย่างเคร่งครัด,true,,เทคนิคการขับรถอย่างปลอดภัย
"จากรูปรถคันสีน้ำเงิน หรือรถคันสีเขียวมีสิทธิที่จะผ่านไปก่อน",จากรูปรถคันสีเขียวมีสิทธิที่จะผ่านไปก่อน,ให้รถคันสีเขียวไปก่อน,true,ให้รถคันสีน้ำเงินไปก่อน,false,รถคันไหนไปก่อนก็ได้ หากมีความเร็วสูงกว่า,false,รถคันไหนไปก่อนก็ได้ หากมาถึงก่อน,false,1.8.80.jpg,เทคนิคการขับรถอย่างปลอดภัย
"จากรูป หากท่านต้องการที่จะเลี้ยวขวาที่ทางแยกรูปตัว T ท่านจะต้องปฏิบัติอย่างไร",จากรูป หากท่านต้องการที่จะเลี้ยวขวาที่ทางแยกรูปตัว T ท่านจะต้องให้ทั้งรถทางขวาและซ้ายไปก่อน,ให้ทั้งรถทางขวาและซ้ายไปก่อน,true,ให้รถทางขวาไปก่อน,false,ให้รถทางซ้ายไปก่อน,false,เลี้ยวขวาได้ทันที,false,1.8.81.jpg,เทคนิคการขับรถอย่างปลอดภัย
"จากรูป เมื่อท่านขับรถมาถึงทางแยกพบสัญญาณไฟเขียว แต่เกิดจราจรติดขัดในเส้นทางที่ท่านจะสัญจร ท่านควรปฏิบัติอย่างไร",จากรูป เมื่อท่านขับรถมาถึงทางแยกพบสัญญาณไฟเขียว แต่เกิดจราจรติดขัดในเส้นทางที่ท่านจะสัญจร ท่านควรรอจนกว่ารถข้างหน้าของท่านจะเคลื่อนตัว แล้วจึงขับรถเข้าไปต่อคันหน้า,ขับรถเข้าไปต่อคันหน้า,false,รอจนกว่ารถข้างหน้าของท่านจะเคลื่อนตัว แล้วจึงขับรถเข้าไปต่อคันหน้า,true,ขับรถเข้าไปตรงกลางแยก แล้วรอจนกว่ารถข้างหน้าจะเคลื่อนตัว,false,พยายามขับแทรกไปทางขวาของรถคันหน้า,false,1.8.82.jpg,เทคนิคการขับรถอย่างปลอดภัย
"จากรูป รถคันสีฟ้าและรถคันสีเหลืองต้องการจะเลี้ยวขวาเพื่อไปเลี้ยวซ้ายในซอยที่ 1 รถคันใดอยู่ในตำแหน่งที่เหมาะสม",จากรูป รถคันสีฟ้าอยู่ในตำแหน่งที่เหมาะสม,รถคันสีฟ้า,true,รถคันสีเหลือง,false,เหมาะสมทั้งคู่,false,ไม่เหมาะสมทั้งคู่,false,1.8.83.jpg,เทคนิคการขับรถอย่างปลอดภัย
"จากรูป รถคันสีแดงและรถคันสีเหลืองต้องการไปในทิศทางเดียวกัน รถคันใดมีสิทธิไปก่อนเมื่อมีสัญญาณให้หยุดทั้งสองทิศทาง",จากรูป รถคันสีแดงมีสิทธิไปก่อนเมื่อมีสัญญาณให้หยุดทั้งสองทิศทาง,รถคันสีเหลือง,false,รถคันสีแดง,true,คันใดก็ตามที่มาถึงทางแยกก่อน,false,คันใดก็ตามที่ขับด้วยความเร็วที่สูงกว่า,false,1.8.84.jpg,เทคนิคการขับรถอย่างปลอดภัย
"หากท่านพบสัญญาณไฟกะพริบสีแดงที่บริเวณทางร่วมทางแยก ท่านต้องปฏิบัติอย่างไร",หากท่านพบสัญญาณไฟกะพริบสีแดงที่บริเวณทางร่วมทางแยก ท่านต้องหยุดรถหลังเส้นหยุดรถ เมื่อเห็นว่าปลอดภัยจึงขับผ่านไปด้วยความระมัดระวัง,ชะลอความเร็วลง และขับผ่านไปด้วยความระมัดระวัง,false,หยุดรถหลังเส้นหยุดรถ เมื่อเห็นว่าปลอดภัยจึงขับผ่านไปด้วยความระมัดระวัง,true,ขับรถต่อไปตามปกติ เพื่อมิให้เกิดความล่าช้าแก่รถคันที่ตามมา,false,แจ้งเจ้าพนักงานว่าสัญญาณไฟจราจรขัดข้อง,false,,เทคนิคการขับรถอย่างปลอดภัย
"หากท่านพบสัญญาณไฟกะพริบสีเหลืองที่บริเวณทางร่วมทางแยก ท่านต้องปฏิบัติอย่างไร",หากท่านพบสัญญาณไฟกะพริบสีเหลืองที่บริเวณทางร่วมทางแยก ท่านต้องชะลอความเร็วลง และขับผ่านไปด้วยความระมัดระวัง,ชะลอความเร็วลง และขับผ่านไปด้วยความระมัดระวัง,true,หยุดรถหลังเส้นหยุดรถ เมื่อเห็นว่าปลอดภัยจึงขับผ่านไปด้วยความระมัดระวัง,false,ขับรถต่อไปตามปกติ เพื่อมิให้เกิดความล่าช้าแก่รถคันที่ตามมา,false,แจ้งเจ้าพนักงานว่าสัญญาณไฟจราจรขัดข้อง,false,,เทคนิคการขับรถอย่างปลอดภัย
"จากรูป ในกรณีที่ไม่มีสัญญาณไฟจราจร รถคันสีแดงหรือรถคันสีเหลืองมีสิทธิที่จะได้ไปก่อน",จากรูป ในกรณีที่ไม่มีสัญญาณไฟจราจรรถคันสีเหลืองมีสิทธิที่จะได้ไปก่อน,รถที่มาถึงทางแยกก่อน,false,รถคันสีแดง,false,รถคันสีเหลือง,true,รถที่มีความเร็วสูงกว่า,false,1.8.87.jpg,เทคนิคการขับรถอย่างปลอดภัย
"จากรูป หากรถคันสีแดง และรถคันสีเหลือง ต้องการจะเลี้ยวขวาในเวลาเดียวกัน รถคันใดจะมีสิทธิไปก่อน",จากรูป หากรถคันสีแดง และรถคันสีเหลือง สามารถไปได้ในเวลาเดียวกันหากต้องการจะเลี้ยวขวาในเวลาเดียวกั,สามารถไปได้ในเวลาเดียวกัน,true,รถคันสีแดง,false,รถคันสีเหลือง,false,รถที่มีความเร็วสูงกว่า,false,1.8.88.jpg,เทคนิคการขับรถอย่างปลอดภัย
"การขับขี่ในบริเวณชุมชนที่ถูกต้อง ควรปฏิบัติอย่างไร",การขับด้วยความเร็วที่ต่ำ เป็นการขับขี่ในบริเวณชุมชนที่ถูกต้อง,ขับด้วยความเร็วสูง,false,ขับด้วยความเร็วปกติ,false,ขับด้วยความเร็วปกติ แต่ชะลอความเร็วเมื่อพบป้ายเตือน,false,ขับด้วยความเร็วที่ต่ำ,true,,เทคนิคการขับรถอย่างปลอดภัย
"ในการขับขี่ภายในชุมชน ผู้ขับขี่ไม่จำเป็นต้องใส่ใจกับสิ่งใด",ในการขับขี่ภายในชุมชน ผู้ขับขี่ไม่จำเป็นต้องใส่ใจกับป้ายโฆษณาข้างทาง,ป้ายโฆษณาข้างทาง,true,รถโดยสารที่กำลังจอดและกำลังเคลื่อนที่ออก,false,สัตว์ที่ถูกปล่อยอยู่บนถนน,false,คนขี่จักรยาน,false,,เทคนิคการขับรถอย่างปลอดภัย
"เมื่อขับขี่เข้าใกล้บริเวณทางม้าลายหน้าโรงเรียน ผู้ขับขี่ควรปฏิบัติอย่างไร",เมื่อขับขี่เข้าใกล้บริเวณทางม้าลายหน้าโรงเรียน ผู้ขับขี่ควรชะลอความเร็วลง,พยายามใช้ความเร็วคงที่ในการผ่านบริเวณนั้น,false,ขับรถชิดขอบทางด้านซ้ายด้วยความระมัดระวัง,false,ชะลอความเร็วลง,true,ให้สัญญาณเตือนผู้คนในละแวกนั้น,false,,เทคนิคการขับรถอย่างปลอดภัย
"เมื่อขับรถเข้าใกล้บริเวณทางม้าลาย แต่ไม่มีคนข้ามทางม้าลาย ผู้ขับขี่ควรปฏิบัติอย่างไร",เมื่อขับรถเข้าใกล้บริเวณทางม้าลาย แต่ไม่มีคนข้ามทางม้าลาย ผู้ขับขี่ควรไม่ต้องให้สัญญาณ เพียงชะลอความเร็วลงก็พอ,ใช้สัญญาณแตรเสียงสั้นเพื่อเตือน,false,ไม่ต้องให้สัญญาณ เพียงชะลอความเร็วลงก็พอ,true,ใช้สัญญาณแตรเสียงยาวเพื่อเตือน,false,ใช้สัญญาณไฟสูงเพื่อเตือน,false,,เทคนิคการขับรถอย่างปลอดภัย
"หากท่านกำลังขับขี่เข้าสู่วงเวียน และพบรถขนาดใหญ่ที่กำลังเปิดสัญญาณไฟเลี้ยวซ้ายแต่ตัวรถค่อยๆ เคลื่อนตัวไปทางขวา ท่านควรปฏิบัติอย่างไร",หากท่านกำลังขับขี่เข้าสู่วงเวียน และพบรถขนาดใหญ่ที่กำลังเปิดสัญญาณไฟเลี้ยวซ้ายแต่ตัวรถค่อยๆ เคลื่อนตัวไปทางขวา ท่านควรรักษาระยะห่างไว้,รักษาระยะห่างไว้,true,ให้สัญญาณแตร,false,แซงไปทางด้านซ้าย,false,ขับตามรถใหญ่,false,1.8.93.jpg,เทคนิคการขับรถอย่างปลอดภัย
"ข้อใดต่อไปนี้เป็นสิ่งที่ไม่ควรปฏิบัติในการขับขี่ผ่านวงเวียน (การขับขี่ผ่านวงเวียน)",การขับแซงไปมา เป็นสิ่งที่ไม่ควรปฏิบัติในการขับขี่ผ่านวงเวียน (การขับขี่ผ่านวงเวียน),ขับขี่ด้วยความเร็วต่ำ,false,ขับแซงไปมา,true,ปฏิบัติตามกฎจราจรอย่างเคร่งครัด,false,ให้สัญญาณไฟเลี้ยวก่อนออกจากวงเวียนเสมอ,false,,เทคนิคการขับรถอย่างปลอดภัย
"ข้อใดเป็นการขับรถเข้าทางโค้งอย่างปลอดภัย",การลดความเร็วก่อนเข้าโค้ง เป็นการขับรถเข้าทางโค้งอย่างปลอดภัย,ลดความเร็วก่อนเข้าโค้ง,true,ใช้ความเร็วสูงกว่าที่กำหนด,false,เปลี่ยนเกียร์ขณะเข้าทางโค้ง,false,เหยียบเบรกกะทันหันขณะเข้าทางโค้ง,false,,เทคนิคการขับรถอย่างปลอดภัย
"หากรถคันสีเหลืองต้องการมุ่งหน้าตรงผ่านวงเวียน จะต้องเปิดไฟเลี้ยวซ้ายเพื่อออกจากวงเวียนที่ตำแหน่งใด",หากรถคันสีเหลืองต้องการมุ่งหน้าตรงผ่านวงเวียน จะต้องเปิดไฟเลี้ยวซ้ายเพื่อออกจากวงเวียนที่ตำแหน่ง จุดที่ 3,จุดที่ 2,false,จุดที่ 1,false,จุดที่ 3,true,เปิดสัญญาณไฟเลี้ยวซ้ายทุกๆ จุด,false,1.8.96.jpg,เทคนิคการขับรถอย่างปลอดภัย
"จากรูป หากท่านกำลังขับตามหลังคนขี่จักรยาน แต่ท่านต้องการที่จะเลี้ยวซ้าย ท่านควรปฏิบัติอย่างไร",หากท่านกำลังขับตามหลังคนขี่จักรยาน แต่ท่านต้องการที่จะเลี้ยวซ้าย ท่านควรชะลอความเร็วจนกว่าจักรยานจะผ่านทางเลี้ย,ชะลอความเร็วจนกว่าจักรยานจะผ่านทางเลี้ยว,true,พยายามแซงจักรยานก่อนที่จะถึงทางเลี้ยว,false,จอดรถเพื่อรอจนกว่าคนขี่จักรยานจะผ่านทางเลี้ยว,false,ทำการเลี้ยวโดยไม่ต้องสนใจจักรยาน,false,1.8.97.jpg,เทคนิคการขับรถอย่างปลอดภัย
"สิ่งใดที่ท่านควรระวังเป็นพิเศษเมื่อพบรถโดยสารจอดอยู่ในถนนฝั่งตรงข้าม",ท่านควรระวังเป็นพิเศษเมื่อพบรถโดยสารจอดอยู่ในถนนฝั่งตรงข้ามผู้เดินเท้าอาจเดินออกมาทางข้างหลังรถโดยสาร,รถโดยสารอาจเคลื่อนที่โดยฉับพลัน,false,ผู้เดินเท้าอาจเดินออกมาทางข้างหลังรถโดยสาร,true,รถโดยสารอาจเสียอยู่,false,ไม่ต้องระวัง เนื่องจากเป็นถนนฝั่งตรงข้าม,false,,เทคนิคการขับรถอย่างปลอดภัย
"ดังรูปในกรณีที่รถสีน้ำตาลมาจากทางหลักและรถสีน้ำเงินออกมาจากซอยซึ่งเป็นทางรอง รถคันใดต้องหยุดให้ทาง",กรณีที่รถสีน้ำตาลมาจากทางหลักและรถสีน้ำเงินออกมาจากซอยซึ่งเป็นทางรอง รถคันสีน้ำเงินต้องหยุดให้ทาง,รถคันสีน้ำตาล,false,รถคันสีน้ำเงิน,true,รถคันใดก็ได้,false,รถคันที่มีความเร็วต่ำกว่า,false,1.8.99.jpg,เทคนิคการขับรถอย่างปลอดภัย
"ข้อใดกล่าวไม่ถูกต้องเกี่ยวกับการแซง",ไม่ควรแซงในทางที่มีทัศนวิสัยไม่ดี ควรประเมินเวลาที่ใช้ในการแซงให้ถูกต้อง แซงในขณะที่เห็นว่าปลอดภัยแล้วเท่านั้น,แซงบริเวณเขตห้ามแซงด้วยความระมัดระวัง,true,ไม่ควรแซงในทางที่มีทัศนวิสัยไม่ดี,false,ควรประเมินเวลาที่ใช้ในการแซงให้ถูกต้อง,false,แซงในขณะที่เห็นว่าปลอดภัยแล้วเท่านั้น,false,,เทคนิคการขับรถอย่างปลอดภัย
"เมื่อท่านเห็นสัญญาณไฟจราจรเปลี่ยนจากสีเขียวเป็นสีเหลืองในขณะที่ท่านกำลังจะขับขี่ผ่านทางแยกในเวลาเช้าตรู่ที่ไม่มีการจราจรอยู่ในบริเวณรอบๆ ท่านควรปฏิบัติอย่างไร",เมื่อท่านเห็นสัญญาณไฟจราจรเปลี่ยนจากสีเขียวเป็นสีเหลืองในขณะที่ท่านกำลังจะขับขี่ผ่านทางแยกในเวลาเช้าตรู่ที่ไม่มีการจราจรอยู่ในบริเวณรอบๆ ท่านควรชะลอความเร็วและเตรียมหยุดรถ,ขับต่อไปด้วยความเร็วคงที่,false,ชะลอความเร็วและเตรียมหยุดรถ,true,ขับต่อไปด้วยความเร็วสูงขึ้น,false,ชะลอความเร็วลงและขับผ่านไป,false,1.8.101.jpg,เทคนิคการขับรถอย่างปลอดภัย
"ในขณะที่ท่านกำลังหยุดรอสัญญาณไฟอยู่ที่ทางแยก แล้วไฟจราจรเปลี่ยนเป็นสีเขียว ท่านควรปฏิบัติอย่างไร",ในขณะที่ท่านกำลังหยุดรอสัญญาณไฟอยู่ที่ทางแยก แล้วไฟจราจรเปลี่ยนเป็นสีเขียว ท่านควรตรวจสอบการจราจรรอบๆ ข้างก่อน จากนั้นจึงออกรถ,ตรวจสอบการจราจรรอบๆ ข้างก่อน จากนั้นจึงออกรถ,true,ขับรถผ่านทางแยกไปโดยเร็ว เพื่อไม่ให้รถคันหลังเสียเวลา,false,รอจนกว่ารถคันข้างหลังของท่านจะให้สัญญาณแตร แล้วจึงออกรถ,false,ปฏิบัติอย่างไรก็ได้ แล้วแต่ผู้ขับขี่,false,1.8.102.jpg,เทคนิคการขับรถอย่างปลอดภัย
"จากรูป ผู้ขับขี่รถคันสีแดงควรปฏิบัติอย่างไร",จากรูป ผู้ขับขี่รถคันสีแดงควรมองกระจกข้าง ให้สัญญาณ และเปลี่ยนช่องทางเมื่อปลอดภัย,บีบแตรเพื่อเตือนให้รถคันอื่นรับรู้,false,มองกระจกข้าง ให้สัญญาณ และเปลี่ยนช่องทางเมื่อปลอดภัย,true,เร่งความเร็วขึ้นและแซงโดยไม่ต้องมองกระจกข้าง,false,เร่งความเร็วไปข้างหน้าและรีบเปลี่ยนช่องจราจร,false,1.8.103.jpg,เทคนิคการขับรถอย่างปลอดภัย
"จากรูป ผู้ขับขี่รถคันสีแดงควรระมัดระวังรถคันใดมากที่สุด",จากรูป ผู้ขับขี่รถคันสีแดงควรระมัดระวังรถรถจักรยานยนต์มากที่สุด,รถจักรยานยนต์,true,รถคันสีน้ำเงิน,false,รถคันสีเขียว,false,ไม่จำเป็นต้องระวังรถคันใดเลย,false,1.8.104.jpg,เทคนิคการขับรถอย่างปลอดภัย
"ข้อใดเป็นการปฏิบัติที่ถูกต้องตามหลักการขับรถอย่างปลอดภัย",ตรวจความพร้อมของรถยนต์ก่อนออกเดินทางทุกครั้ง เป็นการปฏิบัติที่ถูกต้องตามหลักการขับรถอย่างปลอดภัย,ตรวจความพร้อมของรถยนต์ก่อนออกเดินทางทุกครั้ง,true,ไม่จำเป็นให้สัญญาณไฟเลี้ยวในการเปลี่ยนช่องจราจร,false,ในการกลับรถไม่จำเป็นต้องให้สัญญาณไฟเลี้ยว,false,ในการขับรถตรงผ่านทางแยกควรให้สัญญาณไฟกะพริบฉุกเฉิน,false,,เทคนิคการขับรถอย่างปลอดภัย
"หลักการขับรถเข้าโค้งที่ถูกต้องควรปฏิบัติเช่นไร",หลักการขับรถเข้าโค้งที่ถูกต้องควร ลดความเร็วก่อนเข้าโค้ง เพิ่มความเร็วขณะออกจากโค้ง,เพิ่มความเร็วก่อนเข้าโค้ง ลดความเร็วขณะออกจากโค้ง,false,ลดความเร็วก่อนเข้าโค้ง เพิ่มความเร็วขณะออกจากโค้ง,true,ลดความเร็วก่อนเข้าโค้ง ลดความเร็วขณะออกจากโค้ง,false,เพิ่มความเร็วก่อนเข้าโค้ง เพิ่มความเร็วขณะออกจากโค้ง,false,,เทคนิคการขับรถอย่างปลอดภัย
"เพื่อความปลอดภัยเมื่อออกรถเคลื่อนที่ไปข้างหน้าได้ประมาณ 3-4 เมตร ควรทดสอบอะไรเป็นอันดับแรก",เพื่อความปลอดภัยเมื่อออกรถเคลื่อนที่ไปข้างหน้าได้ประมาณ 3-4 เมตร ควรทดสอบระบบเบรกเป็นอันดับแรก,ทดสอบไฟสูง,false,ทดสอบไฟเลี้ยว,false,ทดสอบสัญญาณแตร,false,ทดสอบระบบเบรก,true,,เทคนิคการขับรถอย่างปลอดภัย
"ข้อควรปฏิบัติขณะขับรถขณะฝนตกคือข้อใด",ข้อควรปฏิบัติขณะขับรถขณะฝนตกคือ เปิดไฟส่องสว่าง,เปิดไฟหรี่,false,ขับรถช้าๆ โดยไม่ต้องเปิดไฟ,false,เปิดไฟส่องสว่าง,true,บีบแตรแล้วขับให้เร็วเพื่อป้องกันรถคันหลังชนท้าย,false,,เทคนิคการขับรถอย่างปลอดภัย
"ถ้าขณะขับรถเกิดยางแตกหรือยางระเบิดควรปฏิบัติเช่นไร",ถ้าขณะขับรถเกิดยางแตกหรือยางระเบิดควรจับพวงมาลัยให้มั่น แล้วค่อยๆ เบรกและนำรถเข้าข้างทาง,เหยียบคลัตช์ให้เร็วแล้วตามด้วยเบรก,false,เหยียบเบรกโดยเร็ว,false,จับพวงมาลัยให้มั่น แล้วค่อยๆ เบรกและนำรถเข้าข้างทาง,true,เหยียบคลัตช์อย่างเดียว,false,,เทคนิคการขับรถอย่างปลอดภัย
"ในสภาพถนนปกติ รถพร้อม คนพร้อม ขับรถตามรถคันหน้าต้องเว้นระยะห่างจากรถคันหน้าเท่าใด จึงจะปลอดภัยเมื่อรถคันหน้าหยุด",ในสภาพถนนปกติ รถพร้อม คนพร้อม ขับรถตามรถคันหน้าต้องเว้นระยะห่างจากรถคันหน้าห่างพอสมควรและสามารถหยุดรถได้โดยปลอดภัย จึงจะปลอดภัยเมื่อรถคันหน้าหยุดกะทันหัน,ห่างพอสมควรและสามารถหยุดรถได้โดยปลอดภัย,true,3 เมตร,false,5 เมตร,false,หนึ่งช่วงรถ,false,,เทคนิคการขับรถอย่างปลอดภัย
"ขณะขับรถหากเกิดคันเร่งค้างควรทำอย่างไร",ขณะขับรถหากเกิดคันเร่งค้างควรตั้งสติ ใช้ปลายเท้างัดคันเร่งขึ้นมา,เปิดไฟฉุกเฉิน,false,ตั้งสติ ใช้ปลายเท้างัดคันเร่งขึ้นมา,true,ดึงเบรกมือ,false,ย้ำคันเร่งหลายๆ ครั้ง,false,,เทคนิคการขับรถอย่างปลอดภัย
"ข้อใดคือการใช้ไฟฉุกเฉินที่ถูกต้อง",กรณีรถเสียบนทางด่วน ให้เปิดไฟฉุกเฉิน,ฝนตก,false,ขับผ่านสี่แยก,false,รถเสียบนทางด่วน,true,บริเวณที่มีหมอกลงจัด,false,,เทคนิคการขับรถอย่างปลอดภัย
"การใช้เกียร์เพื่อขึ้นและลงเขาข้อใดถูก",การขึ้นและลงเขาให้ใช้เกียร์ต่ำ,ขึ้นและลงใช้เกียร์ต่ำ,true,ขึ้นใช้เกียร์ต่ำและลงใช้เกียร์สูง,false,ขึ้นใช้เกียร์ต่ำและลงใช้เกียร์ว่าง,false,ขึ้นและลงใช้เกียร์สูง,false,,เทคนิคการขับรถอย่างปลอดภัย
"อะไรไม่ใช่เป้าหมายในการขับรถอย่างปลอดภัย",การขับรถอย่างปลอดภัย ต้องไม่ขับรถไปชนคันอื่น ไม่เป็นเหตุให้รถคันอื่นชนกัน ป้องกันไม่ให้รถคันอื่นมาชนเรา,ไม่ขับรถไปชนคันอื่น,false,ขับให้ถึงที่หมายเร็วที่สุด,true,ไม่เป็นเหตุให้รถคันอื่นชนกัน,false,ป้องกันไม่ให้รถคันอื่นมาชนเรา,false,,เทคนิคการขับรถอย่างปลอดภัย
"เหตุใดจึงห้ามเปิดไฟสูงขณะที่ขับรถตามคันหน้าหรือรถที่วิ่งสวนทางมา",ห้ามเปิดไฟสูงขณะที่ขับรถตามคันหน้าหรือรถที่วิ่งสวนทางมา เพราะจะทำให้ผู้ขับรถคันหน้าและรถที่วิ่งสวนทางมามองทางไม่ชัดเจน,เพราะจะทำให้ผู้ขับรถคันหน้าและรถที่วิ่งสวนทางมามองทางไม่ชัดเจน,true,จะทำให้ผู้ขับรถคันหน้าหลับใน,false,จะทำให้เรามองทางข้างหน้าไม่ชัดเจน,false,จะทำให้รถที่วิ่งสวนทางมาหลับใน,false,,เทคนิคการขับรถอย่างปลอดภัย
"การขับรถทางไกลเมื่อรู้สึกว่าตนเองง่วงควรปฏิบัติอย่างไร",การขับรถทางไกลเมื่อรู้สึกว่าตนเองง่วงควร หยุดพัก นอน หรือยืดเส้นยืดสายตามจุดพัก หรือปั๊มน้ำมัน,วิ่งแล้วเบรกบ่อยๆ เพื่อให้หายง่วง,false,ขับรถหวาดเสียวเพื่อให้ระบบประสาทตื่นตัว,false,หยุดพัก นอน หรือยืดเส้นยืดสายตามจุดพัก หรือปั๊มน้ำมัน,true,เร่งเครื่องเพื่อให้ถึงจุดหมายโดยเร็ว,false,,เทคนิคการขับรถอย่างปลอดภัย
"ข้อใดไม่ใช่วิธีการขับรถที่ปลอดภัยในขณะที่ฝนตก",การขับรถที่ปลอดภัยในขณะที่ฝนตก ต้องทิ้งช่วงห่างจากรถคันหน้า เผื่อไว้มากๆ เปิดไฟหน้า ใช้อัตราความเร็วที่ปลอดภัย,เปิดไปฉุกเฉินตลอดเวลาที่ฝนตก,true,ทิ้งช่วงห่างจากรถคันหน้า เผื่อไว้มากๆ,false,เปิดไฟหน้า,false,ใช้อัตราความเร็วที่ปลอดภัย,false,,เทคนิคการขับรถอย่างปลอดภัย
"ในการข้ามทางรถไฟรางคู่ที่ไม่มีเครื่องกั้นเมื่อรถไฟผ่านไปแล้วผู้ขับรถควรระวังสิ่งใดต่อไปนี้",การข้ามทางรถไฟรางคู่ที่ไม่มีเครื่องกั้นเมื่อรถไฟผ่านไปแล้วผู้ขับรถควรระวัง รถไฟที่อาจจะสวนทางมาอีกทางหนึ่ง,รถที่จะข้ามมาจากฝั่งตรงข้าม,false,รถไฟที่อาจจะสวนทางมาอีกทางหนึ่ง,true,คนที่จะเดินข้ามทางรถไฟ,false,รถที่หยุดรอด้านหลัง,false,,เทคนิคการขับรถอย่างปลอดภัย
"ในการขับรถข้ามทางรถไฟที่ไม่มีเครื่องกั้นเมื่อคันด้านหน้าขับข้ามทางรถไฟไปแล้วท่านควรปฏิบัติอย่างไร",การขับรถข้ามทางรถไฟที่ไม่มีเครื่องกั้นเมื่อคันด้านหน้าขับข้ามทางรถไฟไปแล้วท่านควร ตรวจสอบความปลอดภัยอีกครั้งก่อนข้ามทางรถไฟ,ก่อนข้ามทางรถไฟต้องตรวจสอบความปลอดภัยอีกครั้ง,true,ขับตามคันด้านหน้าไปได้เลย,false,หยุดรอเจ้าหน้าที่ให้สัญญาณ,false,รอสัญญาณไฟเขียว,false,,เทคนิคการขับรถอย่างปลอดภัย
"เมื่อท่านขับรถที่มีน้ำหนักบรรทุกมาก ข้อใดถูกต้องมากที่สุด",เมื่อท่านขับรถที่มีน้ำหนักบรรทุกมาก ประสิทธิภาพของเบรกจะน้อยลง ระยะเบรกจะยาวขึ้น,ประสิทธิภาพของเบรกจะน้อยลง เบรกยาวขึ้น,true,ระบบกันสะเทือนจะนุ่มนวลมากขึ้น,false,ควันไอเสียจะมากขึ้น,false,เครื่องยนต์ทำงานเต็มประสิทธิภาพ,false,,เทคนิคการขับรถอย่างปลอดภัย
"เมื่อท่านขับรถที่บรรทุกสิ่งของที่มีความสูงจะมีผลอย่างไร",เมื่อท่านขับรถที่บรรทุกสิ่งของที่มีความสูง จุดศูนย์ถ่วงจะสูงขึ้นทำให้พลิกคว่ำได้ง่าย,แรงหนีศูนย์ของรถและสิ่งของจะน้อยลง,false,จุดศูนย์ถ่วงจะสูงขึ้นทำให้พลิกคว่ำได้ง่าย,true,แรงเหวี่ยงของรถจะน้อยลงเนื่องจากน้ำหนักบรรทุก,false,ระยะเบรกจะสั้นลง,false,,เทคนิคการขับรถอย่างปลอดภัย
"สิ่งใดที่ไม่มีผลต่อระยะการเบรกรถ",ความเหนื่อยล้า สภาพถนนที่เปียก น้ำหนักบรรทุก มีผลต่อระยะการเบรกรถ,บริษัทของผู้ผลิตยาง,true,ความเหนื่อยล้า,false,สภาพถนนที่เปียก,false,น้ำหนักบรรทุก,false,,เทคนิคการขับรถอย่างปลอดภัย
"ข้อใดถูกต้องที่สุดในการควบคุมความเร็วของรถ",ในการขับรถควรใช้คันเร่งควบคุมในการเร่งและชะลอรถให้มากที่สุด,การชะลอรถควรใช้เบรกเท่านั้น,false,ในการขับรถควรใช้คันเร่งควบคุมในการเร่งและชะลอรถให้มากที่สุด,true,การใช้เกียร์ช่วยลดความเร็วให้ใช้เฉพาะทางลงลาดชันเท่านั้น,false,ควรใช้เบรกมือร่วมกับเบรกเท้าเพื่อช่วยลดการสึกหรอเบรกเท้า,false,,เทคนิคการขับรถอย่างปลอดภัย
"ข้อใดปฏิบัติไม่ถูกต้องเมื่อรถของท่านจอดเสียกลางถนนหลวง",เมื่อรถของท่านจอดเสียกลางถนนหลวง ให้เปิดสัญญาณไฟฉุกเฉินพร้อมไฟหน้ารถ ตั้งสัญลักษณ์แสดงว่ามีรถจอดเสียในระยะ 150 เมตร เปิดฝากระโปรงด้านหน้าและท้ายรถ เพื่อส่งสัญญาณ,ตั้งสัญลักษณ์แสดงว่ามีรถจอดเสียในระยะ 150 เมตร,false,เปิดสัญญาณไฟฉุกเฉินพร้อมไฟหน้ารถ,false,ยืนโบกด้านท้ายรถเพื่อส่งสัญญาณกันรถชนท้ายรถเรา,true,เปิดฝากระโปรงด้านหน้าและท้ายรถ เพื่อส่งสัญญาณ,false,,เทคนิคการขับรถอย่างปลอดภัย
"ก่อนขับรถ ผู้ขับขี่ที่ดีควรเตรียมความพร้อมของตนเองอย่างไร",ก่อนขับรถ ผู้ขับขี่ที่ดีควรเตรียมความพร้อมของตนเอง โดยการพักผ่อนให้เพียงพอ,พักผ่อนให้เพียงพอ,true,ดื่มเหล้า,false,กินยาบ้า,false,เที่ยวดึก,false,,เทคนิคการขับรถอย่างปลอดภัย
"ข้อใดเป็นการเตรียมความพร้อมของรถก่อนขับรถ","การเตรียมความพร้อมของรถก่อนขับรถ ควรตรวจแรงดันลมยาง,เบรก,น้ำมันหล่อลื่น",ตรวจสภาพอากาศ,false,ต่อใบอนุญาตขับรถ,false,ดูหนังสือแผนที่ทางหลวงแผ่นดิน,false,"ตรวจแรงดันลมยาง,เบรก,น้ำมันหล่อลื่น",true,,เทคนิคการขับรถอย่างปลอดภัย
"เมื่อเกิดรถเสีย ควรปฏิบัติอย่างไร","เมื่อเกิดรถเสีย ควรเปิดไฟฉุกเฉิน, นำรถจอดเข้าข้างทาง","เปิดไฟฉุกเฉิน, นำรถจอดเข้าข้างทาง",true,จอดรถทิ้งไว้กลางถนน,false,นำกิ่งไม้วางไว้ท้ายรถ,false,ก่อกองไฟข้างทางหากเป็นกลางคืน,false,,เทคนิคการขับรถอย่างปลอดภัย
"สัญญาณไฟเตือนบนแผงหน้าปัดรถสีใด ที่ไม่ควรปรากฏขณะขับรถ",สัญญาณไฟเตือนบนแผงหน้าปัดรถสีแดง เป็นสีที่ไม่ควรปรากฏขณะขับรถ,สีเขียว,false,สีแดง,true,สีเหลือง,false,สีฟ้า,false,,เทคนิคการขับรถอย่างปลอดภัย
"การจับพวงมาลัยนิ้วมือควรอยู่ในลักษณะใด",การจับพวงมาลัยควรอยู่ในลักษณะที่ นิ้วมือทั้งห้าจับพวงมาลัยให้กระชับ สามารถหมุนได้คล่องตัว,นิ้วมือทั้งห้า จับพวงมาลัยให้กระชับ สามารถหมุนได้คล่องตัว,true,นิ้วมือทั้งห้า กำพวงมาลัยให้แน่นที่สุด,false,นิ้วมือทั้งห้าแตะที่พวงมาลัย สามารถหมุนพวงมาลัยด้วยมือข้างเดียว,false,ใช้นิ้วหัวแม่มือและนิ้วชี้จับพวงมาลัยเพียงสองนิ้ว,false,,เทคนิคการขับรถอย่างปลอดภัย
"เมื่อผู้ขับขี่ขับรถเสียหลักบนถนนเปียกลื่น ควรปฏิบัติอย่างไร",เมื่อผู้ขับขี่ขับรถเสียหลักบนถนนเปียกลื่น ควรถอนคันเร่ง จับพวงมาลัยให้มั่นประคองรถต่อไป,ถอนคันเร่ง เหยียบเบรกเพื่อใช่เกียร์ต่ำ,false,เหยียบเบรกทันที แล้วค่อยๆ ออกตัวเร่งความเร็วใหม่,false,ตั้งสติให้มั่น จับพวงมาลัยให้ดี เร่งความเร็วหนีให้พ้นไป,false,ถอนคันเร่ง จับพวงมาลัยให้มั่นประคองรถต่อไป,true,,เทคนิคการขับรถอย่างปลอดภัย
"ขณะขับรถ ถ้ากระจกบังลมหน้ารถแตกร้าว ควรปฏิบัติอย่างไร",ขณะขับรถ ถ้ากระจกบังลมหน้ารถแตกร้าว ควรตั้งสติ เปิดไฟฉุกเฉิน ลดความเร็ว จอดรถข้างทาง,ตั้งสติ เปิดไฟฉุกเฉิน ลดความเร็ว จอดรถข้างทาง,true,ตั้งสติ เปิดไฟฉุกเฉิน และขับรถต่อไป,false,ตั้งสติ เปิดไฟฉุกเฉิน และหยุดรถทันที,false,ตั้งสติ จอดรถข้างทาง,false,,เทคนิคการขับรถอย่างปลอดภัย
"ขณะฝนตกใหม่ๆ รถมักลื่นไถล เพราะเหตุใด",ขณะฝนตกใหม่ๆ รถมักลื่นไถล เพราะน้ำฝนจะกลายเป็นฟิล์มรองรับระหว่างยางกับพื้นถนน,น้ำฝนจะชะล้างถนนให้สะอาด,false,น้ำฝนจะกลายเป็นฟิล์มรองรับระหว่างยางกับพื้นถนน,true,ฝนตกทำให้ถนนชำรุดเป็นหลุมเป็นบ่อ,false,ถนนคอนกรีตดูดซับน้ำฝนได้อย่างดี,false,,เทคนิคการขับรถอย่างปลอดภัย
"ข้อใดไม่ควรปฏิบัติขณะขับรถเมื่อฝนตกหนัก",ขณะขับรถเมื่อฝนตกหนัก ไม่ควรเบรกรถอย่างรุนแรงและรวดเร็ว,ใช้ความเร็วไม่เกิน 20 กิโลเมตรต่อชั่วโมง,false,เบรกรถอย่างรุนแรงและรวดเร็ว,true,เปิดไฟหน้ารถในขณะขับรถ,false,ลดความเร็วลงและเพิ่มความระมัดระวังให้มากขึ้น,false,,เทคนิคการขับรถอย่างปลอดภัย
"เพื่อความปลอดภัยในการขับรถช่วงฤดูฝน ควรตรวจสอบอุปกรณ์ส่วนควบสิ่งใดของรถก่อนเป็นลำดับแรก",เพื่อความปลอดภัยในการขับรถช่วงฤดูฝน ควรตรวจสอบที่ปัดน้ำฝนเป็นลำดับแรก,ที่ปัดน้ำฝน,true,น้ำในหม้อน้ำ,false,น้ำกลั่นแบตเตอรี่,false,ตรวจเช็คประตูหน้าต่างรถ,false,,เทคนิคการขับรถอย่างปลอดภัย
"ในขณะขับรถลุยน้ำ ผู้ขับขี่ควรปฏิบัติอย่างไร",ในขณะขับรถลุยน้ำ ผู้ขับขี่ควรเร่งเครื่องยนต์ให้มากกว่าปกติเล็กน้อย และควบคุมเครื่องยนต์ไม่ให้ดับ,ขับรถด้วยความเร็ว,false,เปิดไฟฉุกเฉิน,false,เปิดไฟหน้ารถ,false,เร่งเครื่องยนต์ให้มากกว่าปกติเล็กน้อย และควบคุมเครื่องยนต์ไม่ให้ดับ,true,,เทคนิคการขับรถอย่างปลอดภัย
"หลังจากขับรถลุยน้ำ ผ้าเบรกเปียกมีวิธีแก้ไขให้แห้งได้อย่างไร",หลังจากขับรถลุยน้ำ ผ้าเบรกเปียกมีวิธีแก้ไขให้แห้ง โดยขับรถช้าๆ เหยียบเบรกเบาๆ แล้วปล่อยหลายๆ ครั้ง,เหยียบเบรกแรงๆ,false,ขับรถให้เร็วๆ,false,ขับรถช้าๆ เหยียบเบรกเบาๆ แล้วปล่อยหลายๆ ครั้ง,true,จอดรถเข้าเกียร์ว่างและเร่งเครื่องยนต์ไว้สัก 10 นาที,false,,เทคนิคการขับรถอย่างปลอดภัย
"เหตุใดขณะขับรถลุยน้ำจึงต้องเลี้ยงคลัตช์และเร่งเครื่องยนต์มากกว่าปกติเล็กน้อย",ขณะขับรถลุยน้ำ สาเหตุที่ต้องเลี้ยงคลัตช์และเร่งเครื่องยนต์มากกว่าปกติเล็กน้อย เพื่อป้องกันไม่ให้เครื่องยนต์ดับ,เพื่อป้องกันไม่ให้เครื่องยนต์ดับ,true,เพื่อให้รถมีความเร็วมากขึ้น,false,เพื่อให้เครื่องยนต์ร้อน,false,เพื่อให้ความร้อนของเครื่องยนต์สูงกว่าปกติ,false,,เทคนิคการขับรถอย่างปลอดภัย
"ข้อใดเปิดไฟหน้ารถไม่ถูกต้อง",ควรเปิดไฟหน้ารถ เมื่อฝนตกหนัก เมื่อมีควันไฟปกคลุมถนน เมื่อไม่สามารถมองเห็นทางข้างหน้าในระยะต่ำกว่า 150 เมตร,เมื่อฝนตกหนัก,false,เมื่อต้องเร่งรีบไปทำงาน,false,เมื่อมีควันไฟปกคลุมถนน,false,เมื่อไม่สามารถมองเห็นทางข้างหน้าในระยะต่ำกว่า 150 เมตร,true,,เทคนิคการขับรถอย่างปลอดภัย
"การขับรถผ่านบริเวณน้ำท่วม ควรปฏิบัติอย่างไร",การขับรถผ่านบริเวณน้ำท่วม ควรขับช้าๆ ตามหลังรถคันหน้าในระยะห่างพอสมควร,ขับช้าๆ ตามหลังรถคันหน้าในระยะห่างพอสมควร,true,ห้ามใช้เบรกอย่างเด็ดขาด,false,พยายามขับให้จี้ติดท้ายรถคันหน้าตลอดเวลา,false,เปิดไฟฉุกเฉินตลอดเวลา,false,,เทคนิคการขับรถอย่างปลอดภัย
"เพื่อความปลอดภัยก่อนขับรถ ผู้ขับขี่ควรเตรียมความพร้อมอย่างไร",เพื่อความปลอดภัยก่อนขับรถ ผู้ขับขี่ควรนอนหลับพักผ่อนให้เพียงพอ,รับประทานเครื่องดื่มกระตุ้นประสาทชนิดเข้มข้น,false,นอนหลับพักผ่อนให้เพียงพอ,true,ต่อทะเบียนรถให้เรียบร้อย,false,เติมน้ำมันให้เต็มถัง,false,,เทคนิคการขับรถอย่างปลอดภัย
"ข้อใดเป็นปัจจัยสำคัญที่ก่อให้เกิดอุบัติเหตุทางถนนมากที่สุด",ปัจจัยสำคัญที่ก่อให้เกิดอุบัติเหตุทางถนนมากที่สุด คือผู้ขับขี่รถ,ถนน,false,ผู้ขับขี่รถ,true,สัญญาณไฟจราจร,false,ไฟส่องถนนบริเวณทางร่วมทางแยก,false,,เทคนิคการขับรถอย่างปลอดภัย
"พฤติกรรมการขับรถข้อใดถือว่าไม่ปลอดภัย","""นางสมศรีขับรถปฏิบัติตามความพอใจของตัวเอง"" เป็นพฤติกรรมการขับรถที่ถือว่าไม่ปลอดภัย",นางสมศรีขับรถปฏิบัติตามความพอใจของตัวเอง,true,นายสมชายขับรถจักรยานยนต์สวมรองเท้าหุ้มส้น,false,นางจิตราขับรถในเขตกรุงเทพฯ ใช้ความเร็วเพียง 50 กิโลเมตรต่อชั่วโมง,false,นายทองใบขับรถนอกเขตเทศบาลใช้ความเร็วเพียง 80 กิโลเมตรต่อชั่วโมง,false,,เทคนิคการขับรถอย่างปลอดภัย
"ก่อนออกรถจากไหล่ทางด้านซ้าย ผู้ขับขี่ต้องปฏิบัติอย่างไรให้ปลอดภัยมากที่สุด",ก่อนออกรถจากไหล่ทางด้านซ้าย ผู้ขับขี่ต้องมองกระจกมองข้างด้านขวา เปิดไฟเลี้ยวขวา พร้อมกับหันศีรษะมองข้ามไหล่ขวาไปทางด้านหลังก่อนออกรถ,มองกระจกมองข้างด้านขวา,false,เปิดไฟเลี้ยวซ้าย หันศีรษะไปด้านซ้าย,false,มองกระจกมองข้างด้านขวา เปิดไฟเลี้ยวขวา พร้อมกับหันศีรษะมองข้ามไหล่ขวาไปทางด้านหลังก่อนออกรถ,true,มองกระจกมองหลัง,false,,เทคนิคการขับรถอย่างปลอดภัย
"ภายหลังออกรถไปประมาณ 3 ถึง 4 เมตร ควรทดสอบระบบใด",ภายหลังออกรถไปประมาณ 3 ถึง 4 เมตร ควรทดสอบระบบเบรก,เบรก,true,ปรับกระจกมองหลัง,false,ปรับกระจกมองข้าง,false,ไฟเลี้ยว,false,,เทคนิคการขับรถอย่างปลอดภัย
"การขับรถขึ้นทางลาดชัน ควรใช้เกียร์อย่างไร",การขับรถขึ้นทางลาดชัน ควรใช้เกียร์ต่ำและขับด้วยความระมัดระวัง,ใช้เกียร์ต่ำแต่เมื่อใกล้ถึงยอดเขาให้เปลี่ยนเป็นเกียร์สูง,false,ใช้เกียร์สูงและลดความเร็วลง,false,ใช้เกียร์ต่ำและขับด้วยความระมัดระวัง,true,ใช้เกียร์ 4 ขึ้นไปขณะขึ้นทางลาดชัน,false,,เทคนิคการขับรถอย่างปลอดภัย
"ในขณะที่ขับรถอยู่ มีกลิ่นเหม็นไหม้ แอร์เริ่มไม่เย็น เครื่องยนต์เร่งไม่ขึ้น ควรปฏิบัติอย่างไร",ในขณะที่ขับรถอยู่ มีกลิ่นเหม็นไหม้ แอร์เริ่มไม่เย็น เครื่องยนต์เร่งไม่ขึ้น ควรจอดรถในที่ปลอดภัยแล้ว ตรวจเช็ครถในเบื้องต้น,จอดรถในที่ปลอดภัยแล้ว ตรวจเช็กรถในเบื้องต้น,true,ขับต่อไปเรื่อยๆ,false,ลดความเร็วลงแล้วขับต่อไป,false,หยุดรถทันทีกลางถนนห้ามเคลื่อนย้าย,false,,เทคนิคการขับรถอย่างปลอดภัย
"ขณะขับรถเครื่องยนต์เกิดความร้อนสูง ควรปฏิบัติอย่างไร",ขณะขับรถเครื่องยนต์เกิดความร้อนสูง ควรหยุดรถที่ปลอดภัย แล้วปล่อยให้เครื่องเย็นก่อน,หยุดรถที่ปลอดภัย เอาน้ำแข็งมาแช่เครื่องยนต์,false,หยุดรถที่ปลอดภัย แล้วปล่อยให้เครื่องเย็นก่อน,true,หยุดรถที่ปลอดภัย แล้วเปิดฝาหม้อน้ำ เติมน้ำทันที,false,หยุดรถที่ปลอดภัย แล้วเอาน้ำมาราดเครื่องยนต์,false,,เทคนิคการขับรถอย่างปลอดภัย
"ในการขับรถทางไกล ผู้ขับขี่ควรเตรียมความพร้อมของร่างกายอย่างไร",ในการขับรถทางไกล ผู้ขับขี่ควรเตรียมความพร้อมของร่างกาย โดยพักผ่อนให้เพียงพอ,พักผ่อนให้เพียงพอ,true,รับประทานอาหารเพิ่มเป็น 2 เท่า ของวันปกติ,false,ดื่มเครื่องดื่มชูกำลังให้มากๆ,false,ใช้ยากระตุ้นประสาท (ยาบ้า),false,,เทคนิคการขับรถอย่างปลอดภัย
"การขับรถในทางลักษณะใด ที่ไม่จำเป็นต้องเปิดไฟเลี้ยว",การขับรถในทางบังคับเลี้ยว ไม่จำเป็นต้องเปิดไฟเลี้ยว,ทางเลี้ยวซ้ายเข้าซอย,false,ทางเลี้ยวซ้ายออกจากซอย,false,ทางบังคับเลี้ยว,true,ทางกลับรถ,false,,เทคนิคการขับรถอย่างปลอดภัย
"การหมุนพวงมาลัยรถ ขณะจอดรถอยู่กับที่จะมีผลอย่างไร",การหมุนพวงมาลัยรถ ขณะจอดรถอยู่กับที่จะทำให้ดอกยางสึกเร็วกว่าปกติ,ดอกยางสึกเร็วกว่าปกติ,true,สิ้นเปลืองน้ำมันเพาเวอร์,false,สิ้นเปลืองน้ำมันเชื้อเพลิง,false,ทำให้หมุนพวงมาลัยง่ายขึ้น,false,,เทคนิคการขับรถอย่างปลอดภัย
"การหยุดรถอย่างกะทันหัน (รถไม่มีเบรก ABS) ควรปฏิบัติอย่างไร",การหยุดรถอย่างกะทันหัน (รถไม่มีเบรก ABS) ควรเหยียบและปล่อยเบรกสลับกัน (ย้ำเบรกซ้ำๆ),เหยียบเบรกแรงๆ โดยไม่ต้องถอนเบรก,false,เหยียบและปล่อยเบรกสลับกัน (ย้ำเบรกซ้ำๆ),true,เหยียบเบรกและดึงเบรกมือพร้อมกัน,false,เหยียบเบรก และดับเครื่องยนต์พร้อมกัน,false,,เทคนิคการขับรถอย่างปลอดภัย
"รถที่ขับมาด้วยความเร็วสูงแล้วเหยียบเบรกอย่างกะทันหัน (รถไม่มีเบรก ABS) จะมีผลอย่างไร",รถที่ขับมาด้วยความเร็วสูงแล้วเหยียบเบรกอย่างกะทันหัน (รถไม่มีเบรก ABS) ล้อจะล็อก และรถจะไม่สามารถควบคุมได้,ล้อจะล็อก และรถจะไม่สามารถควบคุมได้,true,รถจะค่อยๆ ชะลอความเร็วลง,false,จะหยุดรถได้ตามระยะที่กำหนด,false,ล้อจะล็อก และรถจะหยุดทันที,false,,เทคนิคการขับรถอย่างปลอดภัย
"ก่อนขับรถเข้าโค้งหรือมุมเลี้ยว ควรใช้ความเร็วอย่างไร",ก่อนขับรถเข้าโค้งหรือมุมเลี้ยว ควรควบคุมความเร็วของรถให้เหมาะสมกับโค้งหรือมุมเลี้ยว,ลดความเร็วลงให้มากที่สุดเท่าที่จะทำได้,false,ควบคุมความเร็วของรถให้เหมาะสมกับโค้งหรือมุมเลี้ยว,true,ใช้ความเร็วคงที่,false,เพิ่มความเร็วให้มากขึ้นกว่าเดิม,false,,เทคนิคการขับรถอย่างปลอดภัย
"ขณะขับรถยางรถแตก จะมีอาการอย่างไร",ขณะขับรถ ยางรถแตก จะมีอาการ พวงมาลัยหนัก รถจะเอียง,รถหยุดกะทันหัน,false,พวงมาลัยจะหนัก รถจะเอียง,true,พวงมาลัยรถจะไร้น้ำหนัก,false,เบรกจะไม่ทำงาน,false,,เทคนิคการขับรถอย่างปลอดภัย
"ยางที่หมดอายุจะมีลักษณะอย่างไร",ยางที่หมดอายุจะมีลักษณะมีรอยแตกร้าวตามแนวขอบยาง,มีรอยแตกร้าวตามแนวขอบยาง,true,ยางจะมีสีดำสนิท,false,ยางจะมีสีขาวนวล,false,เวลาเปียกน้ำจะไม่เกาะยาง,false,,เทคนิคการขับรถอย่างปลอดภัย
"ในขณะขับรถ ยางรถแตกหรือระเบิด ผู้ขับขี่ควรปฏิบัติอย่างไร",ในขณะขับรถ ยางรถแตกหรือระเบิด ผู้ขับขี่ควรคุมสติ บังคับพวงมาลัย ลดความเร็วลงและไม่ควรเหยียบเบรกกะทันหัน,คุมสติ บังคับพวงมาลัย ลดความเร็วลงและไม่ควรเหยียบเบรกกะทันหัน,true,รีบเหยียบเบรกให้เร็วที่สุด,false,ปลดเกียร์ว่างแล้วรีบเหยียบเบรก,false,หมุนพวงมาลัยอย่างรวดเร็วเพื่อหลบเข้าข้างทาง,false,,เทคนิคการขับรถอย่างปลอดภัย
"ในขณะที่กำลังขับรถ ถ้าฝากระโปรงหน้ารถเปิด ผู้ขับขี่ควรปฏิบัติอย่างไร",ในขณะที่กำลังขับรถ ถ้าฝากระโปรงหน้ารถเปิด ผู้ขับขี่ควรลดความเร็วแล้วจอดข้างทาง เพื่อปิดฝากระโปรงให้เรียบร้อย,เบรกกะทันหัน,false,หักเลี้ยวรถเข้าข้างทางทันที เพื่อปิดฝากระโปรงให้เรียบร้อย,false,ลดความเร็วแล้วจอดข้างทาง เพื่อปิดฝากระโปรงให้เรียบร้อย,true,เหยียบคันเร่งให้มิดเพื่อฝากระโปรงจะได้กระแทกปิด,false,,เทคนิคการขับรถอย่างปลอดภัย
"ข้อใดเป็นวิธีแก้ไขเบื้องต้นเมื่อรถเกิดไฟลัดวงจร",เมื่อรถเกิดไฟลัดวงจร วิธีแก้ไขเบื้องต้นคือการตัดกระแสไฟ หรือหาทางงัดขั้วแบตเตอรี่ออกก่อน,ใช้ทรายสาดใส่,false,วิ่งหาน้ำมันมาราด,false,หาผ้าหนาๆ ปิดหรือดับไฟ,false,ตัดกระแสไฟ หรือหาทางงัดขั้วแบตเตอรี่ออกก่อน,true,,เทคนิคการขับรถอย่างปลอดภัย
"ลมยางล้อหน้าอ่อน จะมีผลต่อการขับขี่อย่างไร",ลมยางล้อหน้าอ่อน จะมีผลทำให้เวลานั่งรู้สึกเหมือนรถจะกระตุกอยู่ตลอดเวลา,เวลานั่งรู้สึกเหมือนรถจะกระตุกอยู่ตลอดเวลา,true,ยางล้อหน้าสึกหรอ พวงมาลัยหนัก และรถกินน้ำมันมากขึ้น,false,ประหยัดน้ำมันแต่เปลืองยาง,false,ประหยัดยางแต่เปลืองน้ำมัน,false,,เทคนิคการขับรถอย่างปลอดภัย
"การปรับระดับที่นั่งคนขับห่างเกินไป จะมีผลอย่างไร",การปรับระดับที่นั่งคนขับห่างเกินไป จะมีผลทำให้บังคับพวงมาลัยลำบาก ใช้อุปกรณ์ต่างๆ ไม่สะดวก,ทำให้เข้าเกียร์ได้ง่าย,false,ทำให้เบรกรถสะดวก,false,ทำให้ทัศนวิสัยในการมองเห็นชัดเจนดีมาก สามารถตัดสินใจได้ดี,false,บังคับพวงมาลัยลำบาก ใช้อุปกรณ์ต่างๆ ไม่สะดวก,true,,เทคนิคการขับรถอย่างปลอดภัย
"การตรวจสอบว่าเข็มขัดนิรภัยยังใช้งานได้ดีหรือไม่ ควรตรวจสอบอย่างไร",การตรวจสอบว่าเข็มขัดนิรภัยยังใช้งานได้ดีหรือไม่ โดยกระตุกดึงสายเข็มขัดอย่างเร็ว แล้วสายเข็มขัดต้องล็อก,ต้องมีสีเข้มๆ,false,ดูว่าเข็มขัดมียี่ห้อหรือไม่,false,ดูว่าเป็นของใหม่หรือไม่,false,กระตุกดึงสายเข็มขัดอย่างเร็ว แล้วสายเข็มขัดต้องล็อก,true,,เทคนิคการขับรถอย่างปลอดภัย
"ข้อใดไม่ใช่การมองที่ถูกวิธีในขณะขับรถ",การมองไปยังสิ่งที่ไม่เกี่ยวข้องกับการขับรถ ไม่ใช่การมองที่ถูกวิธีในขณะขับรถ,การมองถึงสภาพของถนนที่แตกต่างกัน,false,การมองการเคลื่อนไหวของรถและคน,false,มองไปยังสิ่งที่ไม่เกี่ยวข้องกับการขับรถ,true,การมองเห็นฝูงสัตว์เลี้ยงกำลังข้ามถนน,false,,เทคนิคการขับรถอย่างปลอดภัย
"การเข้าเกียร์ถอยหลังขณะรถยังไม่หยุดนิ่งมีผลเสียอย่างไร",การเข้าเกียร์ถอยหลังขณะรถยังไม่หยุดนิ่ง มีผลทำให้เข้าเกียร์ยากและทำให้เกียร์เสียเร็วกว่าปกติ,เข้าเกียร์ยากและทำให้เกียร์เสียเร็วกว่าปกติ,true,ทำให้น้ำมันเกียร์หมดเร็ว,false,เครื่องยนต์กินน้ำมันเครื่อง,false,ไม่มีผลต่อเกียร์,false,,เทคนิคการขับรถอย่างปลอดภัย
"การขับรถถอยหลังควรใช้ความเร็วระดับใด",การขับรถถอยหลัง ควรถอยช้าๆ แล้วใช้ความระมัดระวัง,ใช้ความเร็วตามสภาพของรถ,false,ถอยเหมือนกับเดินหน้า,false,ถอยช้าๆ แล้วใช้ความระมัดระวัง,true,ถอยแบบไหนก็ได้,false,,เทคนิคการขับรถอย่างปลอดภัย
"การตรวจลมยางควรตรวจเมื่อใด",การตรวจลมยางควรตรวจขณะที่ยางยังเย็นอยู่,ตรวจเมื่อไรก็ได้,false,ขณะที่บรรทุกของหนัก,false,ขณะวิ่งใช้งานแล้วประมาณ 2 ชั่วโมง,false,ขณะที่ยางยังเย็นอยู่,true,,เทคนิคการขับรถอย่างปลอดภัย
"ข้อใดเป็นการสตาร์ทเครื่องยนต์ที่ถูกต้อง",การสตาร์ทเครื่องยนต์ที่ถูกต้อง คือ ขึ้นเบรกมือ-ปลดเกียร์ว่าง -ปิดอุปกรณ์ไฟฟ้า-สตาร์ทเครื่องยนต์,ขึ้นเบรกมือ-ปลดเกียร์ว่าง -ปิดอุปกรณ์ไฟฟ้า-สตาร์ทเครื่องยนต์,true,ปลดเกียร์ว่าง-ขึ้นเบรกมือ-สตาร์ทเครื่องยนต์,false,เหยียบคลัตช์-สตาร์ทเครื่องยนต์,false,ปลดเบรกมือ-ปิดอุปกรณ์ไฟฟ้า-สตาร์ทเครื่องยนต์,false,,เทคนิคการขับรถอย่างปลอดภัย
"ข้อใดไม่ควรปฏิบัติขณะขับรถเมื่อฝนตกหนัก",ขณะขับรถเมื่อฝนตกหนัก ไม่ควรเบรกรถอย่างรุนแรงและรวดเร็ว,ลดความเร็วลงและขับด้วยความระมัดระวัง,false,ใช้เกียร์ต่ำกว่าปกติ 1 เกียร์,false,เบรกรถอย่างรุนแรงและรวดเร็ว,true,เปิดไฟหน้ารถ,false,,เทคนิคการขับรถอย่างปลอดภัย
"หากเกิดฝนตกหนักจนมองเห็นทางไม่ชัดเจน ผู้ขับขี่ควรปฏิบัติอย่างไร",หากเกิดฝนตกหนักจนมองเห็นทางไม่ชัดเจน ผู้ขับขี่ควรจอดรถบริเวณที่ปลอดภัย เปิดไฟหน้ารถและเปิดไฟฉุกเฉิน,จอดรถบริเวณที่ปลอดภัย เปิดไฟหน้ารถและเปิดไฟฉุกเฉิน,true,เปิดไฟหน้าเร่งความเร็วผ่านบริเวณที่ฝนตกหนัก,false,เร่งความเร็วให้ผ่านบริเวณที่ฝนตกโดยเร็ว,false,จอดรถทันที,false,,เทคนิคการขับรถอย่างปลอดภัย
"ข้อใดที่ทำให้การหยุดรถต้องใช้ระยะทางมากขึ้นจึงสามารถหยุดรถได้",น้ำหนักบรรทุกเพิ่มมากขึ้น ทำให้การหยุดรถต้องใช้ระยะทางมากขึ้นจึงสามารถหยุดรถได้,ความรวดเร็วในการตัดสินใจ,false,ความเร็วในการเหยียบเบรก,false,น้ำหนักบรรทุกเพิ่มมากขึ้น,true,น้ำหนักบรรทุกลดน้อยลง,false,,เทคนิคการขับรถอย่างปลอดภัย
"ข้อใดไม่ควรใช้เบรกมือ",ขับรถลงทางลาดชัน ไม่ควรใช้เบรกมือ,ติดไฟแดง,false,ขับรถลงทางลาดชัน,true,จอดรถ,false,หยุดบนทางลาดชัน,false,,เทคนิคการขับรถอย่างปลอดภัย
"การจับพวงมาลัยขณะขับรถทางตรง มือซ้ายและขวาของผู้ขับขี่ ควรอยู่ในตำแหน่งลักษณะใดของหน้าปัดนาฬิกา",การจับพวงมาลัยขณะขับรถทางตรง มือซ้ายและขวาของผู้ขับขี่ ควรอยู่ในตำแหน่งเลข 2 และเลข 10 ของหน้าปัดนาฬิกา,ตำแหน่งเลข 2 และเลข 10,true,ตำแหน่งเลข 3 และเลข 10,false,ตำแหน่งเลข 4 และเลข 10,false,ตำแหน่งเลข 6 และเลข 10,false,,เทคนิคการขับรถอย่างปลอดภัย
"ข้อใดไม่มีผลให้ระยะการหยุดรถ (ระยะเบรก) ยาวขึ้น",น้ำหนักบรรทุก สภาพพื้นผิวถนน ความเร็วของรถ มีผลให้ระยะการหยุดรถ (ระยะเบรก) ยาวขึ้น,สภาพพื้นผิวถนน,false,น้ำหนักบรรทุก,false,น้ำมันหล่อลื่น,true,ความเร็วของรถ,false,,เทคนิคการขับรถอย่างปลอดภัย
"ผู้ขับขี่ควรใช้สัญญาณไฟฉุกเฉินเมื่อใด",เมื่อรถเสียหรือเกิดอุบัติเหตุ ควรใช้สัญญาณไฟฉุกเฉิน,เมื่อรถเสียหรือเกิดอุบัติเหตุ,true,เมื่อขับรถผ่านทางร่วมทางแยก,false,เมื่อจะกลับรถหรือเปลี่ยนช่องทางเดินรถ,false,เมื่อมีหมอก ฝน ฝุ่น ควัน ในทางเดินรถ,false,,เทคนิคการขับรถอย่างปลอดภัย
"การฝึกขับรถแบบ “ขับไปพูดไป” มีวัตถุประสงค์เพื่ออะไร",การฝึกขับรถแบบ “ขับไปพูดไป” มีวัตถุประสงค์เพื่อฝึกสมองให้เกิดสมาธิและสมองทำงานสัมพันธ์กับตา,เพื่อป้องกันไม่ให้ง่วงซึม,false,ฝึกสมองให้เกิดสมาธิและสมองทำงานสัมพันธ์กับตา,true,เพื่อให้เหมือนทฤษฎีฝรั่ง,false,เหมือนคนบ้าขับรถ,false,,เทคนิคการขับรถอย่างปลอดภัย
"เมื่อเราเตรียมขับรถแซงรถคันหน้า เราควรปฏิบัติเช่นไรเป็นอันดับแรก",เมื่อเราเตรียมขับรถแซงรถคันหน้า เราควรให้สัญญาณไฟก่อน,ให้สัญญาณไฟก่อน,true,ให้ดูกระจกก่อน,false,รีบเร่งเครื่องแล้วแซงได้เลย,false,เปิดไฟฉุกเฉินแล้วแซงได้เลย,false,,เทคนิคการขับรถอย่างปลอดภัย
"ข้อควรปฏิบัติขณะขับรถฝ่าหมอกควันหรือฝนคือข้อใด",ควรเปิดไฟส่องสว่างขณะขับรถฝ่าหมอกควันหรือฝน,เปิดไฟหรี่,false,ขับรถช้าๆ โดยไม่ต้องเปิดไฟ,false,เปิดไฟส่องสว่าง,true,บีบแตรแล้วขับให้เร็วเพื่อป้องกันรถคันหลังชนท้าย,false,,เทคนิคการขับรถอย่างปลอดภัย
"หลังจากขับรถลุยน้ำ เมื่อเราขึ้นที่แห้งแล้วควรปฏิบัติเช่นไรเป็นอันดับแรก",หลังจากขับรถลุยน้ำ เมื่อเราขึ้นที่แห้งแล้วควรทดสอบเบรกหลายๆ ครั้ง,ทดสอบเบรกหลายๆ ครั้ง,true,ทดสอบไฟเลี้ยวหลายๆ ครั้ง,false,ทดสอบสัญญาณแตร,false,ทดสอบไฟสูงต่ำ,false,,เทคนิคการขับรถอย่างปลอดภัย
"ถ้าขณะขับรถเกิดยางแตกหรือยางระเบิดควรปฏิบัติเช่นไร",ถ้าขณะขับรถเกิดยางแตกหรือยางระเบิดควรถือพวงมาลัยให้มั่น แล้วค่อยๆ เบรกและนำรถเข้าข้างทาง,เหยียบคลัตช์อย่างเดียว,false,เหยียบเบรกโดยเร็ว,false,เหยียบคลัตช์ให้เร็วแล้วตามด้วยเบรก,false,ถือพวงมาลัยให้มั่น แล้วค่อยๆ เบรกและนำรถเข้าข้างทาง,true,,เทคนิคการขับรถอย่างปลอดภัย
"ในสภาพถนนปกติ รถพร้อม คนพร้อม ขับรถตามรถคันหน้าต้องเว้นระยะห่างจากรถคันหน้าเท่าใดจึงจะปลอดภัยเมื่อรถคันหน้าหยุด",ในสภาพถนนปกติ รถพร้อม คนพร้อม ขับรถตามรถคันหน้าต้องเว้นระยะห่างจากรถคันหน้าห่างพอสมควรและสามารถหยุดรถได้โดยปลอดภัย จึงจะปลอดภัยเมื่อรถคันหน้าหยุด,3 เมตร,false,5 เมตร,false,หนึ่งช่องรถ,false,ห่างพอสมควรและสามารถหยุดรถได้โดยปลอดภัย,true,,เทคนิคการขับรถอย่างปลอดภัย
"ข้อใดผิด",ห้ามพูดโทรศัพท์ขณะขับรถ ห้ามหยุดหรือจอดรถคุยกันกลางถนน ห้ามแซงซ้ายในที่ห้ามแซงซ้าย,ห้ามพูดโทรศัพท์ขณะขับรถ,false,ห้ามหยุดรถให้คนข้ามทาง,true,ห้ามหยุดหรือจอดรถคุยกันกลางถนน,false,ห้ามแซงซ้ายในที่ห้ามแซงซ้าย,false,,เทคนิคการขับรถอย่างปลอดภัย
"ท่านควรหมุนพวงมาลัยลักษณะใดในการเลี้ยงรถ",ท่านควรหมุนพวงมาลัยลักษณะ ใช้ระบบดึง-ดันในการเลี้ยงรถ,ปั่นพวงมาลัยและตีกลับเอง,false,ใช้วิธีคลึงไปคลึงมาบนพวงมาลัย,false,ใช้ระบบดึง-ดัน,true,หมุนระบบสอดสร้อยมาลา,false,,เทคนิคการขับรถอย่างปลอดภัย
"การใช้เกียร์ขึ้นและลงเขาข้อใดถูก",การขึ้นและลงให้ใช้เกียร์ต่ำ,ขึ้นและลงใช้เกียร์ต่ำ,true,ขึ้นใช้เกียร์ต่ำและลงใช้เกียร์สูง,false,ขึ้นใช้เกียร์ต่ำและลงใช้เกียร์ว่าง,false,ขึ้นและลงใช้เกียร์สูง,false,,เทคนิคการขับรถอย่างปลอดภัย
"เมื่อเห็นผู้ขับขี่เกิดอุบัติเหตุควรปฏิบัติเช่นไร",เมื่อเห็นผู้ขับขี่เกิดอุบัติเหตุควรช่วยเหลือผู้บาดเจ็บเท่าที่จำเป็น,ขับรถตามปกติ,false,ช่วยเหลือผู้บาดเจ็บเท่าที่จำเป็น,true,รีบขับรถหนี,false,ขับรถช้าๆ ชะลอดูเหตุการณ์,false,,เทคนิคการขับรถอย่างปลอดภัย
"เหตุใดจึงห้ามเปิดไฟสูงขณะที่ขับรถตามคันหน้าหรือรถที่วิ่งสวนทางมา",สาเหตุที่ห้ามเปิดไฟสูงขณะที่ขับรถตามคันหน้าหรือรถที่วิ่งสวนทางมา เพราะจะทำให้ผู้ขับรถคันหน้าและรถที่วิ่งสวนทางมามองทางไม่ชัดเจน,เพราะจะทำให้ผู้ขับรถคันหน้าและรถที่วิ่งสวนทางมามองทางไม่ชัดเจน,true,จะทำให้ผู้ขับรถคันหน้าหลับใน,false,จะทำให้เรามองทางข้างหน้าไม่ชัดเจน,false,จะทำให้รถที่วิ่งสวนทางมาหลับใน,false,,เทคนิคการขับรถอย่างปลอดภัย
"การขับรถทางไกลเมื่อรู้สึกว่าตนเองง่วงควรปฏิบัติอย่างไร",การขับรถทางไกลเมื่อรู้สึกว่าตนเองง่วงควรหยุดพัก นอน หรือยืดเส้นยืดสายตามจุดพัก หรือปั๊มน้ำมัน,เร่งเครื่องเพื่อให้ถึงจุดหมายโดยเร็ว,false,ขับรถหวาดเสียวเพื่อให้ระบบประสาทตื่นตัว,false,วิ่งแล้วเบรกบ่อยๆ เพื่อให้หายง่วง,false,หยุดพัก นอน หรือยืดเส้นยืดสายตามจุดพัก หรือปั๊มน้ำมัน,true,,เทคนิคการขับรถอย่างปลอดภัย
"ข้อใดไม่ใช่วิธีการขับรถที่ปลอดภัยในขณะที่ฝนตก",เปิดไปฉุกเฉินตลอดเวลา ไม่ใช่วิธีการขับรถที่ปลอดภัยในขณะที่ฝนตก,เปิดไปฉุกเฉินตลอดเวลาที่ฝนตก,true,ทิ้งช่วงห่างจากรถคันหน้า เผื่อไว้มากๆ,false,เปิดไฟหน้า,false,ใช้อัตราความเร็วที่ปลอดภัย,false,,เทคนิคการขับรถอย่างปลอดภัย
"การฝึกขับรถแบบ “ขับไปพูดไป” มีวัตถุประสงค์เพื่ออะไร",การฝึกขับรถแบบ “ขับไปพูดไป” มีวัตถุประสงค์เพื่อฝึกสมองให้เกิดสมาธิและสมองทำงานสัมพันธ์กับตา,เพื่อให้เหมือนทฤษฎีฝรั่ง,false,เพื่อป้องกันไม่ให้ง่วงซึม,false,ฝึกสมองให้เกิดสมาธิและสมองทำงานสัมพันธ์กับตา,true,เหมือนคนบ้าขับรถ,false,,เทคนิคการขับรถอย่างปลอดภัย
"เมื่อเราเตรียมขับรถแซงรถคันหน้า เราควรปฏิบัติเช่นไรเป็นอันดับแรก",เมื่อเราเตรียมขับรถแซงรถคันหน้า เราควรดูกระจกก่อนเป็นอันดับแรก,เปิดไฟฉุกเฉินแล้วแซงได้เลย,false,ให้สัญญาณไฟก่อน,false,รีบเร่งเครื่องแล้วแซงได้เลย,false,ให้ดูกระจกก่อน,true,,เทคนิคการขับรถอย่างปลอดภัย
"ข้อควรปฏิบัติขณะขับรถฝ่าหมอกควันหรือฝนคือข้อใด",ข้อควรปฏิบัติขณะขับรถฝ่าหมอกควันหรือฝนคือเปิดไฟส่องสว่าง,เปิดไฟส่องสว่าง,true,ขับรถช้าๆ โดยไม่ต้องเปิดไฟ,false,เปิดไฟหรี่,false,บีบแตรแล้วขับให้เร็วเพื่อป้องกันรถคันหลังชนท้าย,false,,เทคนิคการขับรถอย่างปลอดภัย
"ในสภาพถนนปกติ รถพร้อม คนพร้อม ขับรถตามรถคันหน้าต้องเว้นระยะห่างจากรถคันหน้าเท่าใดจึงจะปลอดภัยเมื่อรถคันหน้าหยุด",ในสภาพถนนปกติ รถพร้อม คนพร้อม ขับรถตามรถคันหน้าต้องเว้นระยะห่างจากรถคันหน้าในระยะห่างพอสมควรและสามารถหยุดรถได้โดยปลอดภัยจึงจะปลอดภัยเมื่อรถคันหน้าหยุดกะทันหัน,หนึ่งช่องรถ,false,3 เมตร,false,5 เมตร,false,ห่างพอสมควรและสามารถหยุดรถได้โดยปลอดภัย,true,,เทคนิคการขับรถอย่างปลอดภัย
